Word,Count
the,1897
=,1407
-,816
to,715
of,653
a,644
if,636
in,458
#,428
is,364
for,339
return,329
this,311
def,263
not,252
be,240
and,234
file,226
%,221
sobject,220
an,207
that,204
snapshot,200
''',181
==,181
value,176
it,169
var,168
Function:,166
'''API,165
else:,147
type,140
@return:,136
mode,132
will,130
on,129
@param:,127
from,125
set,123
path,123
all,121
or,118
This,117
dictionary,116
directory,113
key,113
as,113
search_key,111
get,107
search,107
unique,99
),97
use,94
server,91
@keyparam:,90
elif,90
search_type,90
\search_key,\,85
are,84
data,84
files,83
{,82
code,81
name,80
add,79
element,75
},74
dir,73
with,70
by,69
used,68
list,68
context,67
identifier,65
view,65
+,65
\search_type,\,64
string,63
table,63
checkin,62
which,61
\snapshot_code,\,58
version,57
can,57
[/code],57
[code],57
paths,57
..,56
new,56
,55
then,54
Get,52
None,51
user,51
current,51
ticket,50
values,50
check,48
raise,48
whether,48
information,48
class,46
login,46
widget,46
method,45
create,45
info,45
representing,45
\context,\,44
xml,43
import,43
print,43
client,43
specific,43
one,43
returned,42
transaction,42
\"\%s/%s"\\,41
description,41
column,40
The,40
True,39
results,39
flag,39
TACTIC,39
array,39
FIXME:,39
snapshots,39
\file_type='main',\,39
expression,38
pipeline,38
have,38
first,37
If,37
update,37
make,37
naming,37
file_type,37
does,37
should,36
id,36
there,36
so,35
try:,35
methods,35
when,35
\"\\,35
handoff,34
project,33
parent,32
!=,32
\file_type,\,32
any,32
some,32
only,32
group,32
include,32
form,32
pass,31
snapshot_code,31
use_handoff_dir,30
@example:,30
into,30
result,30
\file_path,\,30
defined,30
display,29
attr,29
was,29
function,29
file_path,29
checked,29
we,29
no,29
out,29
project_code,29
already,28
find,28
False,28
A,28
relative,27
);,27
filename,27
may,27
copy,27
do,27
\level_key=None,\,27
columns,26
here,26
resource,26
@return,26
test,26
where,25
metadata,25
object,25
sure,25
It,25
but,25
process,24
\mode,\,24
-1:,24
\data,\,24
sobjects,24
asset,24
determines,24
\(handoff_dir,\,24
exist,24
\metadata={},\,24
title,24
basename)),24
local,24
has,24
\(search_type,\,23
except,23
action,23
search_key):,23
handoff_dir,23
\view,\,23
each,23
containing,22
need,22
time,22
dependency,22
protocol,22
popup,22
remove,22
could,22
insert,22
pairs,22
range,22
single,22
level,21
also,21
state,21
index,21
must,21
move,21
%s',21
base,21
now,21
more,21
full,21
created,21
i,20
client_repo_dir,20
given,20
task,20
just,20
instead,20
exists,20
connection,20
row,20
optional,20
through,20
configuration,20
dependent,20
point,20
http,20
node,19
top,19
at,19
[%s],19
command,19
defaults,19
particular,19
about,19
input,19
size,19
run,19
boolean,19
\dir,\,18
without,18
using,18
identifying,18
source,18
ext,18
context),18
repository,18
home,18
password,18
e:,18
API,18
definition,18
position,18
processes,18
@params,18
//,17
conventions,17
[],17
search_key),17
up,17
specify,17
\class_name,\,16
basename,16
\include_paths=False,\,16
os.name,16
query,16
explicitly,16
color,16
registered,16
number,16
names,16
contains,16
property,16
what,16
\include_paths_dict=False,\,16
versionless,16
trigger,16
fire,16
these,16
upload,16
log,15
TODO:,15
types,15
msg,15
\snapshot_type,\,15
default,15
structure,15
class_name,15
template,15
date,15
added,15
don't,15
sandbox,15
header,15
dict,15
offset,15
www.opensource.org/licenses/mit-license.php,15
order,15
@params:,15
transfer,15
filters,15
'copy':,14
parts,14
contents,14
code),14
level_key,14
\mode=None,\,14
\info={},\,14
\single=False,\,14
\file_range,\,14
\use_id=False,\,14
10,14
name/value,14
media,14
last,14
put,14
Set,14
resulting,14
\name,\,14
Note:,14
Retrieve,14
->,14
my.get_handoff_dir(),14
force,14
doesn't,14
value),14
\parent_key=None,\,14
[optional],14
'main',14
empty,13
found,13
actually,13
needed,13
error,13
scroll,13
either,13
appropriate,13
connector,13
',13
nodes,13
existing,13
child,13
\[%s]"\\,13
message,13
you,13
cell,13
check-in,13
triggers,13
NOTE:,13
\description,\,13
canvas,13
look,13
\metadata,\,13
stored,13
old,12
\%s"\\,12
shots,12
folder,12
\snapshot_type="\file"\,\,12
\description="\No\,12
nothing,12
scale,12
server.add_file(,12
\use_handoff_dir=False,\,12
file_name,12
\filters,\,12
\"\nt"\:\,12
file_paths,12
works,12
file_range),12
\is_current=True,\,12
document,12
column_type,12
search_code),12
options,12
element_name,12
includes,12
refresh,12
revision,12
variable,12
config,12
'move':,12
part,12
\level_key,\,12
value:,12
functionality,12
url,12
specified,12
\'move',\,12
to_path,12
item,12
\['copy',\,12
continue,12
\description"\,\,12
Create,11
web,11
elements,11
match,11
represents,11
different,11
auto,11
uploaded,11
go,11
edit,11
#return,11
note,11
end,11
setting,11
\single,\,11
follows:,11
other,11
\sobject,\,11
\exist,\,11
snapshot_type,11
original,11
1,11
external,11
dependencies,11
snapshot.get_value(attr),11
selected,11
based,11
\include_files=False,\,11
section,11
os.path.exists(dir):,10
represent,10
expanded_paths,10
parameter,10
project_code:,10
adding,10
os.makedirs(handoff_dir),10
\context="\publish"\,\,10
tag,10
determine,10
tree,10
self.assertStatus(200),10
my.protocol,10
qualified,10
checkins,10
None:,10
show,10
script,10
see,10
\"\local"\:\,10
frame_by,10
\"\/tmp/sthpw/etc"\\,10
>,10
tab,10
Add,10
to_dir,10
sets,10
language,10
tactic_<SERVER_OS>-conf.xml,10
except:,10
TacticApiException('Mode,10
api,10
my.server_name,10
undo,10
\"\"\\,10
file.close(),10
available,10
pyasm.common,10
content,10
link,10
\my._expand_paths(file_path,\,10
fully,10
(optional),10
call,10
\is_revision=False,\,10
os.path.basename(path),10
authentication,10
ApiClientCmd,10
connected,10
show_retired,10
\"\C:/sthpw/etc"\\,10
triggers=True):,10
expanded_paths:,10
retired,10
Accept,10
getpass.getuser(),10
Values,10
clear,10
skip,10
left,10
start,10
\use_handoff_dir,\,10
its,10
variables,10
Each,10
work,10
objects,9
assumes,9
commands,9
triggers=True),9
because,9
\args={},\,9
destination,9
location,9
delete,9
moved,9
ranges,9
format,9
else,9
@keyparams:,9
possible,9
Return,9
once,9
functions,9
them,9
operation,9
parse,9
try,9
div,9
changed,9
repo,9
\info,\,9
to_data,9
'code':,9
\"\WARNING:\,9
it's,9
show_retired=False):,9
/,9
file_types,9
too,9
triggers),9
\code,\,9
icon,9
\filters=[],\,9
clone,9
items,9
md5,9
use_id,9
keyword,9
from_data,9
\column,\,9
environment,9
\columns,\,9
\title,\,9
include_paths_dict,8
file_range,8
preallocation,8
event,8
e.__str__())),8
database,8
sync,8
logic,8
os.makedirs(dir),8
snapshot),8
option,8
\'copy',\,8
calculate,8
within,8
reference:,8
callback,8
individual,8
\limit=None,\,8
download,8
interpreter,8
describing,8
\element_name,\,8
\include_paths_dict,\,8
__paths_dict__,8
adjust,8
search_code:,8
\false,\,8
bar,8
instance,8
[%s]:,8
filename),8
build,8
\(dir,filename)\,8
called,8
v,8
name:value,8
\sys.stderr.write("\WARNING:\,8
same,8
www.cherrypy.org/>,8
\show_retired=False,\,8
\description="\"\,\,8
necessary,8
For,8
<,8
\client_repo,\,8
referenced,8
is_revision,8
x,8
generate,8
attribute,8
alter,8
snapshot:,8
debug:,8
\order_bys=[],\,8
\mode='explicit',\,8
'\r\n',8
pipeline_code,8
mode:,8
\"\,\,8
my.login,8
snapshot.get('code'),8
\version=-1,\,8
'move']:,8
'upload':,8
mode_options),8
old_path,8
page,8
\['upload',\,8
output,8
\%(handoff_dir,\,8
\version,\,8
include_files,8
'TOOLS.ACCEPT'),8
load,8
related,8
\include_paths,\,8
B,8
pyasm.biz,8
running,8
\OSError,\,8
subcontext,8
width,8
'%s/%s',8
old_dir,8
include_paths,8
login:,8
\"\%s.tacticrc"\\,8
#if,8
\file_name='',\,8
search_type),8
handle,8
version_padding,8
expanded,8
\type='ref',\,8
cleanup,8
shutil.rmtree(handoff_dir),8
mode_options:,8
connectors,8
is_dir_writeable,8
often,8
false);,8
passed,8
latest,8
breadcrumb,8
mode_options,8
mode),8
having,8
self.accessed_headers.add(key),8
\my.server.eval(my.ticket,\,8
save,8
exact,8
\protocol='client_repo',\,8
map,8
\src_sobject,\,8
request,8
version_expr,8
\offset=None,\,8
\include_full_xml=False,\,8
int(value),8
\use_id,\,7
search_id,7
(,7
due,7
since,7
inserting,7
ie:,7
'show_shelf':,7
args,7
In,7
being,7
\expression,\,7
\project_code,\,7
temp_list:,7
drop,7
padding,7
DEPRECATED,7
starts,7
\case,\,7
break,7
\parent_key,\,7
temp,7
Check,7
done,7
bvr,7
directories,7
returns,7
than,7
arguments,7
useful,7
execute,7
still,7
whose,7
select,7
parent_key,7
Project,7
ability,7
search_type):,7
required,7
login=None):,7
belongs,7
detailed,7
well,7
while,7
key),7
To,7
key):,7
\base_search_type,\,7
axis,7
Tactic,7
y,7
sequence,7
create_icon,7
reset,7
+=,7
[,7
draw,7
attributes,7
python,7
named,7
change,7
store,7
back,7
multiple,7
keep,7
\,7
'''get,7
project_code),7
input_ref,6
keys,6
\repo_mode='client_repo',\,6
Defaults,6
\"\"\)\,6
preallocated,6
\value1,\,6
quoted,6
convention,6
\added"\)\,6
frames,6
very,6
\isinstance(sobject,\,6
groups.google.com/group/cherrypy-users/,6
direcory,6
cells,6
\copy,\,6
specifies,6
\"\0"\*version_padding\,6
my.has_server,6
debug,6
asset_base_dir,6
local_repo,6
\server.insert("\prod/shot"\,\,6
\[('Accept',\,6
sobject.get_search_type(),6
\'web',\,6
argument,6
'------------KM7Ij5cH2KM7Ef1gL6ae0ae0cH2gL6\r\n',6
search_keys,6
kind,6
side,6
\new_paths,\,6
__paths__,6
draggable,6
form-data;,6
kwargs);,6
expr,6
'Content-Disposition:,6
shots'),6
creating,6
case,6
even,6
my.server.get_base_dirs(my.ticket),6
eval(results),6
designated,6
NFS,6
linux_client_repo_dir,6
media:,6
\parent_code,\,6
(%s):,6
selection,6
os.W_OK),6
retrieve,6
\create_icon,\,6
virtual,6
\path,\,6
base_type,6
e.g,6
old_login,6
\attr,\,6
\show_retired,\,6
'local':,6
identify,6
tuple,6
\"\%s/.tactic/etc"\\,6
to_path),6
is_current,6
f,6
el,6
\base_dirs.get("\win32_local_base_dir"\)\,6
order_bys,6
column2:,6
md5_checksum,6
General,6
prod/snapshot_type,6
perspective,6
info={},6
always,6
rows,6
\(column,\,6
element.value,6
separate,6
identified,6
\is_current,\,6
\server.create_snapshot(search_key,\,6
file_range):,6
\is_revision,\,6
dropped,6
ah,6
\'lib',\,6
corresponding,6
\(self.interface(),\,6
\offset,\,6
aborted,6
Use,6
inserts,6
\occurs,\,6
column1:,6
\'client_repo',\,6
count,6
\order_bys,\,6
search_id),6
included,6
recommended,6
\unique=True,\,6
password),6
old_server_name,6
Invoke,6
needs,6
\to_dir="\."\,\,6
\shutil.copy(file_path,\,6
undone,6
(work,6
\server.finish("\10\,6
\range(0,10):\,6
personal,6
might,6
UI,6
\key,\,6
{},6
\from_snapshot_code,\,6
cls.server,6
(default),6
matching,6
associated,6
0:,6
\mode="\copy"\,\,6
*,6
takes,6
'relative',6
line,6
\config,\,6
\include_files,\,6
frame,6
various,6
replace,6
related_process,6
\limit,\,6
\'sandbox',\,6
www.cherrypy.org/changeset/1319,6
\file_group_dict,\,6
m,6
More,6
\'local_repo',\,6
like,6
\"\"\"\\,6
\os.access(dir,\,6
ref,6
descibes,6
lib,6
\server,\,6
final,6
area),6
open,6
assert,6
os_login,6
DEPRECATED:,6
search_code,6
custom,6
my.handoff_dir,6
my.get_home_dir(),6
way,6
reverse,6
uniquely,6
my.project_code,6
pos,6
\texture_cls,\,6
os.path.isdir(dir),6
\child_type,\,6
\columns=[],\,6
server.insert(,6
together,6
f.close(),6
version''',6
server.start('Start,6
they,6
tasks,6
\type,\,6
bottom,6
win32_client_repo_dir,6
\frame_start,\,6
client_repo,6
session,6
'XG%0.3d'%i,6
expected,6
ie,6
server.abort(),6
\snapshot,\,6
'prod/asset',6
job,6
components,6
checking,6
commit,5
register,5
arrow,5
drag,5
redo,5
IE,5
entry,5
trailing,5
break;,5
after,5
logging,5
col_changed,5
temp_list,5
target,5
cannot,5
explict,5
entire,5
\,\,5
'search_type':,5
ignore,5
been,5
cls._get_data(search_key),5
their,5
control,5
-1,5
over,5
most,5
ImportError:,5
fill,5
\',\,5
accepts,5
take,5
fix,5
Draw,5
field,5
Run,5
groups,5
mouse,5
\subcontext=None,\,5
Not,5
main,5
source_path,5
every,5
know,5
inside,5
right,5
desired,5
means,5
assigned,5
schema,5
\found,\,5
following,5
attr.endswith(']'):,5
inplace,5
\dst_sobject,\,5
behavior,5
post,5
checkout,5
project_view,5
hide,5
sobject.get_value(attr),5
\int(index.rstrip("\]"\))\,5
understand,5
1px,5
makes,5
return;,5
outside,5
\process="\publish"\,\,5
0,5
show_retired),5
\default,\,5
class_path,5
'timestamp':,5
\attr.split("\["\)\,5
\However,\,5
os.path.basename(file_path),5
file_naming,5
\exists,\,5
login),5
applied,5
\process,\,5
special,5
later,5
\columns=None,\,5
dynamically,5
order_by,5
if(,5
],5
relates,5
resize,5
Note,5
want,5
Manage,5
interval,5
layout,5
label,5
cookie,5
\ugly,\,5
Environment,5
depot,5
transaction_ticket,5
part),5
No,5
contexts,5
lines,5
search_types,5
values={}),5
rc_login,5
blank,4
\ext.lstrip("\."\)\,4
expects,4
sobject''',4
\"\wb"\)\,4
unless,4
deprectated,4
values={}):,4
os.unlink(old_path),4
deprecated,4
segment,4
\project_code=None,\,4
\bid_start_date=None,\,4
\url,\,4
\web,\,4
\range(frame_start,\,4
app_server,4
intepret,4
rc_ticket,4
\action_options={},\,4
is_dir_writeable:,4
spt.js_log.debug(,4
views,4
os.path.dirname(repo_path),4
return:,4
It's,4
true,4
checksum,4
Optional:,4
return_sobjects),4
deemed,4
'1-5/1',4
leave,4
\["\login"\,"\user"\]:\,4
\mode='upload',\,4
\"\%s/repo"\\,4
good,4
following:,4
'r'),4
element_names),4
(this,4
interface,4
complex,4
\transaction_ticket,\,4
2,4
'',4
creation:,4
repo_mode,4
\to_sandbox_dir=False,\,4
Windows,4
type='ref'),4
\checkin_type="\strict"\,\,4
\lib,\,4
clicked,4
handlers,4
')]),4
columns:,4
z,4
dir_naming,4
vars,4
extra,4
\my.server.create_snapshot(search_key,\,4
4,4
place,4
support,4
Locking,4
program,4
zipfile.is_zipfile(zip_name):,4
\cls.build_search_key(search_type,\,4
project:,4
\set,\,4
true;,4
maximum,4
ext),4
\my.server.checkout(my.ticket,\,4
old_project_code,4
h),4
\column_name,\,4
remember,4
'input_ref',4
\shutil.copy(path,\,4
\writable,\,4
ranges:,4
pkg_resources,4
focus,4
clean,4
z.close(),4
initial,4
transaction_id,4
www.example.com/')]),4
\sandbox,\,4
\Then,\,4
my.upload_file(file_path),4
ignore_files),4
\transaction_id=None,\,4
\recurse=False,\,4
\Container.put("\TacticServerStub"\,\,4
my.set_ticket(ticket),4
\dir_naming='',\,4
'ref',4
retrieved,4
'nt':,4
unige,4
looks,4
updated,4
\Xml.get_attribute(column,"\name"\)\,4
path2,4
next,4
rename,4
@param,4
create_snapshot(),4
prevents,4
Simple,4
\transaction_ticket=None,\,4
td,4
reusing,4
\search_keys,\,4
os.path.exists(to_dir):,4
construct,4
\bid_end_date=None,\,4
mode='client_repo'):,4
www.nedbatchelder.com/code/modules/coverage.html,4
arg),4
\"\%s?project=%s"\\,4
file.write(,4
my.execute(),4
is_revision=False,4
www.cherrypy.org/ticket/790,4
Search,4
\copied,\,4
\"\Removing\,4
\"\project"\:\,4
Convenience,4
delivered,4
www.example.test')]),4
\(to_dir,\,4
html,4
missing,4
plugin,4
\snapshot_type="\sequence"\,\,4
ExpressionParser(),4
much,4
\to_snapshot_code,\,4
dictionaries,4
By,4
search_type.startswith('sthpw/'):,4
os.path.exists(repo_dir):,4
\mkdir=True,\,4
\"\prod/asset"\\,4
1),4
\"\./my_model.ma"\\,4
to_paths,4
%s:%s/xmlrpc/',4
initialize,4
queue,4
treat,4
children,4
copied,4
\include_parent=False,\,4
existent,4
'note':,4
backwards,4
\download"\\,4
response,4
\upload,\,4
os.path.exists(dir),4
column='code'),4
project_code=project_code),4
files:,4
\checkin_cls='pyasm.checkin.FileCheckin',\,4
shot,4
sobject.commit(),4
representation,4
\%s."\\,4
Calendar,4
<win32_client_repo_dir>T:/assets</win32_client_repo_dir>,4
os.path.dirname(__file__),4
repo_path,4
\server.add_config_element(search_type,\,4
\"\Your\,4
frame_end,4
\"\)\,4
\os.chmod(handoff_dir,\,4
limit,4
Environment.get_login(),4
\snapshot_type="\directory"\,\,4
\filename='',\,4
hierarachy,4
\frame_end+1,\,4
\search_type.startswith("\sthpw/"\):\,4
starting,4
HTML,4
f.readline().strip(),4
\pipeline_code=None,\,4
\display_options={},\,4
include_full_xml,4
folders,4
loaded,4
'__main__':,4
form:,4
\given,\,4
operations,4
\shutil.copytree(dir,\,4
\vars={},\,4
ignored,4
\class_name=None,\,4
optimize,4
Version,4
\file_type="\main"\,\,4
rc_server,4
md5_checksum):,4
finish(),4
parent:,4
\tag='main',\,4
\getpass.getpass("\Enter\,4
reference,4
checkbox,4
beginning,4
\text/html,\,4
cherrypy.log('Match,4
\expand_paths=False,\,4
default_login,4
'model',4
eval(files),4
recorded,4
\login,\,4
\open(to_path,\,4
\my.server.add_file(my.ticket,\,4
value2,4
buffer,4
documentation,4
zipfile,4
downloaded,4
mkdir,4
Test,4
\message,\,4
\"\@SOBJECT(sthpw/file)"\,\,4
\file_paths,\,4
0777),4
%(,4
\include_full_xml,\,4
rel_path,4
my.server,4
\my._md5_check(to_path,\,4
projects.amor.org/misc/wiki/ModPythonGateway,4
\raw_input("\Enter\,4
(in,4
\open(path,\,4
(True|False),4
__file__.split('.zip'),4
\mode='client_repo',\,4
2.6,4
session_xml,4
upload_server_url,4
TACTIC's,4
\element.value,\,4
client_repo_dir:,4
file.get('file_name')),4
cherrypy.serving.request,4
\file_range.split("\-"\)\,4
ignore_files=False):,4
texture,4
grandparent,4
refer,4
'boolean':,4
snapshot_code):,4
upon,4
):,4
\file.get('relative_dir'),\,4
executed,4
SearchType):,4
web:,4
\search_keys=[],\,4
Container,4
\"\prod/shot"\,\,4
tag='main'):,4
\create_icon=True,\,4
\(client_repo_dir,\,4
\frame_end,\,4
sub,4
os.path.basename(dir),4
categorize,4
sp,4
\Xml.xpath(node,"\column"\)\,4
recurse,4
\breadcrumb=False,\,4
implementation,4
tag),4
hard,4
completion,4
\element_attrs={},login=None,\,4
h,4
--,4
from_type,4
\(old_dir,\,4
rel_path),4
Do,4
password:,4
server.get_path_from_snapshot(snapshot.get('code')),4
'context':,4
\"\Mozilla/5.0"\'\,4
graph,4
sobject's,4
entity,4
logged,4
acceptable,4
tagged,4
\file_name,\,4
\distinct=None,\,4
Level,4
Some,4
distinct,4
context):,4
'.zip',4
base_dirs,4
file_type),4
occurs,4
expressions,4
(get,4
click,4
\i,\,4
file_type:,4
\g,\,4
\server.build_search_key(search_type,\,4
package,4
create_resource_paths(),4
There,4
'%s.zip'%parts[0],4
file_name),4
\download(my,\,4
version.strip(),4
media[0],4
extension,4
zipfile.ZipFile(zip_name),4
Update,4
temp_dir,4
Forces,4
server),4
hierarchical,4
Execute,4
www.cherrypy.org/ticket/421,4
\self.getPage("\/headerelements/get_elements?headername=Accept"\,\,4
os.path.exists(old_path):,4
\bid_duration=None,\,4
forces,4
\shutil.move(path,\,4
\"\_"\);\,4
Matches,4
defines,4
NOT,4
%0.4d,4
ensure,4
hierarchy,4
\my.server.simple_checkin(my.ticket,\,4
\'roto',\,4
\shutil.move(file_path,\,4
os.makedirs(repo_dir),4
\auto_unique_name=False,\,4
hit,4
\base,\,4
\description=None,\,4
100,4
\action_class_name=None,\,4
proper,4
www.cherrypy.org/ticket/533,4
why,4
repo_dir,4
regard,4
\client,\,4
\context_index_padding=None,\,4
filedata,4
rc_project,4
for(,4
md5_list,4
__file__:,4
gets,4
\shutil.move(dir,\,4
\array,\,4
arbitrary,4
client_api_version,4
self.PORT),4
zip_name,4
frame_by):,4
\my.server.query(my.ticket,\,4
\keep_file_name=False,\,4
\www.cherrypy.org/"\\,4
manual,4
old_ticket,4
www.garethrees.org/2001/12/04/python-coverage/,4
\protocol,\,4
context='default'):,4
\version='-1',\,4
column_types.get(key),4
informs,4
\data={},\,4
os.makedirs(to_dir),4
examples,4
my.server_name:,4
\mkdirs=False,\,4
\%(search_type,\,4
\Also,\,4
ext=''),4
tactic,4
\paths,\,4
op,4
ext=''):,4
An,4
data),4
server_name,4
request.headers,4
cache,4
len(attr),4
All,4
agreed,4
#my.set_project(value),4
\maya_path,\,4
no_exception:,4
database_type,4
spt.popup._css_suffixes[s];,4
preference,4
keyward,4
\md5_list,\,4
xp,4
notation,4
snapshot_code),4
stub,4
\session_xml,\,4
types.ListType:,4
override,4
__name__,4
level_key),4
Append,3
\"\insert"\:\,3
Webkit,3
headers,3
code:,3
\"\parent"\:\,3
'prod/asset?project=sample3d&code=chr001',3
1:,3
how,3
appears,3
controls,3
\filename,\,3
context_index_padding,3
sobject:,3
\test.replace("\}"\,\,3
validation,3
\True,\,3
\subcontext,\,3
browser,3
'),3
file_type='main'),3
spt.pipeline.import_pipeline(pipeline_code);,3
Widget,3
'spt_input_value',3
inline,3
common,3
value):,3
\evt,\,3
'snapshot':,3
arbirarty,3
\object,\,3
until,3
popups,3
MissingException(msg),3
namespace,3
\checkin_cls,\,3
versionless=False):,3
pattern,3
function(),3
preferred,3
\file.get_value("\base_type"\)\,3
can't,3
\test.replace("\{"\,\,3
\result.replace("\{%s}"\\,3
env,3
causes,3
sandbox_dir,3
\context_index_padding,\,3
bvr.src_el,3
7,3
actual,3
null,3
mouse_411,3
re.compile(r'{([\w|\.|\#]+\[?\d?\]?)}'),3
\bvr,\,3
\Xml.set_attribute(node,"\name"\,key)\,3
CellEditWdg,3
undefined,3
search_type_obj,3
\part.split("\."\)\,3
checkin_cls,3
\"\timestamp"\:\,3
context='default'),3
node),3
\preallocate,\,3
above,3
otherwise,3
sobject.get_id(),3
declarations,3
better,3
fast,3
slash,3
\snapshot.get_value("\version"\)\,3
record,3
future,3
parent.get_value(attr),3
grid,3
\0,\,3
Project.get_project_code(),3
\files,\,3
send,3
handles,3
tmp_naming,3
large,3
labels,3
'.',3
both,3
2;,3
str(value),3
\"\false"\\,3
\mode='string',\,3
Method,3
wdg,3
versionless),3
turn,3
description),3
body,3
dom,3
sType,3
Views,3
\xp.eval(template,\,3
allow,3
split,3
\headers,\,3
(context,3
\file.get_value("\file_name"\)\,3
let,3
(i,3
\"\%s?project=%s&%s=%s"\\,3
Project.get(),3
category,3
faster,3
dragged,3
provided,3
fixed,3
context_list:,3
coded,3
Pipeline,3
gather,3
changelist,3
days,3
\include_web_paths_dict=False,\,3
transaction_time:,3
\server.get_snapshot(search_key,\,3
detached,3
src_el,3
reason,3
lower,3
columns=[]):,3
predefined,3
transaction_time,3
system,3
\keep_file_name,\,3
\$("\breadcrumb"\).innerHTML\,3
failed,3
really,3
TacticServerStub(),3
widgets,3
none,3
filter,3
login.get_value(attr),3
\part.find("\."\)\,3
example,3
\checkin_type,\,3
\"\);\,3
happened,3
datastructures,3
Select,3
before,3
\"\true"\\,3
\template"\\,3
\pipeline_code,\,3
\"\solid\,3
\[%s,\,3
keep_file_name,3
automatically,3
=='directory':,3
\xml.create_element("\column"\)\,3
0);,3
description=''):,3
generally,3
strict,3
include_files=False),3
bears,3
transform,3
fails,3
\Search.get_by_id(search_type,\,3
log.debug(,3
char,3
returning,3
file_naming=''):,3
Script,3
\check-in,\,3
\("\\,3
off,3
Side,3
destroy,3
would,3
Insert,3
src_sobject,3
60,3
spt.panel.refresh(top);,3
value;,3
\move,\,3
\NamingException("\Can't\,3
close,3
valid,3
\part,\,3
0;,3
\"\Column\,3
columns),3
\script,\,3
looking,3
user's,3
\dir_naming,\,3
\"\%s&%s=%s"\\,3
'spt.get_parent()',3
depend,3
sobject.get_parent(),3
uploading,3
path:,3
\ValueError,\,3
\},\,3
indicator,3
env_sobjects,3
certain,3
function(,3
changes,3
editor,3
regular,3
description:,3
checkin_type,3
use_id=False):,3
delay,3
Deprecated,3
were,3
scales,3
data[name],3
displayed,3
result:,3
Called,3
\value,\,3
calls,3
search.get_sobject(),3
\xml.append_child(sobject_node,\,3
\"\'\,3
closed,3
snapshot_version,3
ext:,3
no_exception=True),3
stype,3
default_naming,3
\"\%s?%s=%s"\\,3
len(columns),3
again,3
mode='client_repo'),3
Gantt,3
several,3
src,3
complicated,3
root,3
value[index],3
sobject.get_project(),3
hidden,3
\PUW,\,3
general,3
'''DEPRECATED:,3
precaution,3
goes,3
whole,3
columns=[]),3
expression.findall(template),3
happen,3
around,3
\'',\,3
indexes,3
ExpressionParser,3
\"\sobject"\:\,3
os.path.splitext(file_name),3
setup=setup),3
value_wdg,3
Editor,3
pure,3
two,3
duration,3
updating,3
happens,3
Any,3
kwargs),3
www.cherrypy.org/ticket/707,2
len(codes),2
drift,2
spt.simple_display_hide(,2
redone,2
kwargs,2
requested,2
false,2
upload.set_upload_server(upload_server_url),2
did,2
'w'),2
Download,2
www.cherrypy.org/ticket/860,2
get_client_dir(),2
\file_type='dir',\,2
bad,2
alias):,2
True|False,2
\Editor,\,2
prompt,2
numbers,2
\included,\,2
\add_directory(snapshot_code,\,2
my.server.get_handoff_dir(),2
MY,2
'wb'),2
boolean:,2
\my.server.set_current_snapshot(my.ticket,\,2
prefix,2
testList.append('test_routes'),2
'''expands,2
TEST,2
\"\./my_model.hip"\\,2
\bid_end_date,\,2
default_login),2
\self.getPage('/accept/select',\,2
action_class_name,2
limit=None):,2
column_name,2
\my.server.update(my.ticket,\,2
(current),2
(doesn't,2
cherrypy.org/ticket/889,2
\TacticApiException("\Security\,2
\TacticApiException("\Path\,2
entries,2
num_columns:,2
Drag,2
[path],2
\"\server"\:\,2
retire,2
parts[parts.length-1];,2
size.y);,2
\set_current_snapshot(my,\,2
Specify,2
\TACTIC_SERVER,\,2
m.groups()[0],2
old_server_name),2
\search_type.split("\/"\)\,2
helper.testmain(),2
SQL,2
\[^/]*example\.com',\,2
MD5:,2
'TableLayoutWdg',2
transaction_id),2
heavy,2
project):,2
\"\sthpw/note"\\,2
TacticApiException(msg),2
get_virtual_snapshot_path(),2
'file_type':,2
extreme,2
\pipeline_xml,\,2
\"\text/plain;q=0.5"\)\,2
series,2
pyasm.web,2
from''',2
querying,2
spt.popup._css_suffixes.length;,2
4.01,2
\my.server.create_task(my.ticket,\,2
combination,2
Setup,2
my.server.get_handoff_dir(my.ticket),2
bandwidth,2
seconds),2
my.set_transaction_ticket(ticket),2
\create_task(my,\,2
\'copy','move','preallocate'\,2
session_content,2
ghost_el.setStyle(,2
singleton''',2
strip,2
straight,2
test_speed(my):,2
'''Get,2
'Submit,2
www.cherrypy.org/ticket/581,2
my.login:,2
\add_config_element(search_type,\,2
recurse=False),2
mode='preallocate'),2
\Transitional//EN"\>\,2
MonitoredHeaderMap(_httputil.HeaderMap):,2
\Batch"\)\,2
rc_server:,2
\"\...if\,2
\auto_unique_name,\,2
grouping,2
\my.server.start(my.login_ticket,\,2
(boolean),2
my.get_project(),2
SearchType.get(search_type),2
root/domain2/,2
www.cherrypy.org/ticket/864,2
\add_file(my,\,2
\include_parent,\,2
sequences,2
####,2
length,2
\'test_config_server',\,2
Transaction,2
\slow,\,2
\keys.append("\%s||%s|%s"\\,2
\top,\,2
EDIT,2
str(i).zfill(padding),2
\(self.scheme,\,2
\'<=',\,2
\(server_api_version,\,2
\"\bar"\\,2
get_client_api_version(),2
__init__(self):,2
\"\%s/tactic/default/UploadServer/"\\,2
return_sobjects=False),2
;q=0.5')]),2
configured,2
\r\n,2
os.path.dirname(file_path),2
Filename:,2
\get_column_info(my,\,2
sobject.get_code(),2
\get_md5_info(md5_list,\,2
end+1):,2
www.cherrypy.org/ticket/853,2
os.path.basename(to_path),2
sends,2
\my.server.get_virtual_snapshot_path(my.ticket,\,2
\update_multiple(my,\,2
my.server.get_server_api_version(my.ticket),2
my.set_server(env_server),2
ticket=30818057bf561429f97af59243e6ef21,2
'true':,2
snippet,2
\'name="\Filedata"\;\,2
www.domain2.example:443,2
Character',2
server.get_path_from_snapshot(snapshot_key),2
processes=[]):,2
\get_resource_path(my,\,2
alias);,2
ww_winreg.jsiinc.com/SUBA/tip0300/rh0398.htm,2
\fast_query(my,\,2
\"\closing\,2
\_expand_paths(my,\,2
shadow_list[c];,2
requires,2
expires,2
table_top,2
Find,2
Simply,2
{};,2
os.path.exists(path):,2
characters,2
\'test_request_obj',\,2
['local']:,2
auto_unique_view),2
localDir)),2
\q=0.2,\,2
\add_initial_tasks(my,\,2
\houdini_path,\,2
support.microsoft.com/kb/223799/EN-US/,2
\update_multiple(data,\,2
self.assertBody('<h2>Page,2
get_pipeline_xml(search_key),2
file_type=None):,2
\my.server.retire_sobject(my.ticket,\,2
\to_dir.replace("\\\"\,"\/"\)\,2
\name,\\,2
split_search_key(search_key),2
\my.server.create_snapshot(my.ticket,\,2
search_key1:,2
'''Unocks,2
initialized,2
\my.server.undo(my.ticket,\,2
TEST:,2
server=None):,2
give,2
my.set_login_ticket(my.login_ticket),2
(latest),2
element_attrs,2
\urllib2.URLError,\,2
server_name),2
rely,2
shadow_list,2
pixels,2
value_column,2
\get_pipeline_xml_info(search_key,\,2
\Import"\,\,2
window,2
\search_type.find("\?"\)\,2
accordingly,2
\my.server.get_full_snapshot_xml(my.ticket,\,2
codes[1],2
whatever,2
\name="\Filename"\\r\n'\,2
create_icon=False),2
pertain,2
angle,2
'get_pipeline_xml()',2
\'Keep-Alive'),\,2
\get_ticket(login,\,2
\'test_tools',\,2
Vary,2
\header,\,2
subtype,2
\('Content-Type',\,2
\connect_sobjects(my,\,2
\lightweight,\,2
\'%s',\,2
suitable,2
debug=False):,2
positions,2
possiblly,2
\isinstance(value,\,2
finding,2
skrb.org/ietf/http_errata.html#location-fragments,2
three,2
js_path);,2
depending,2
file_type='maya',2
\update(my,\,2
\system,\,2
buffer:,2
issues,2
subdictionary,2
\"\context"\:\,2
\'manage',\,2
to_sandbox_dir:,2
\"\starting\,2
get_release_version(my):,2
tab_top,2
www.cherrypy.org/ticket/562),2
ApiXMLRPC,2
Clear,2
\"\admin"\\,2
\'test_misc_tools',\,2
We,2
(state,2
simple,2
\search_key.find("\?"\)\,2
\insert_update(my,\,2
my.has_server:,2
\my.server.get_by_search_key(my.ticket,\,2
'../../')),2
bvr.args.is_insert,2
127.0.0.1:8080,2
\my.server.group_checkin(my.ticket,\,2
\source_path=None,\,2
\my.server.get_pipeline_processes_info(my.ticket,\,2
mode='copy'),2
upload|copy|move|manual|inplace,2
\get(self,\,2
'process':,2
SELECT,2
WebContainer,2
delete_sobject(search_key),2
mtype,2
my.get_server_api_version(),2
\popup,\,2
x.checked,2
affected,2
console.log(,2
\Flash'),\,2
\my.server.get_snapshot(my.ticket,\,2
procsss/subcontext),2
maybe,2
(info.search_key,2
\get_by_search_key(my,\,2
web.get_http_host(),2
cascade,2
\elements',\,2
get_server_version(my):,2
operate,2
www.cherrypy.org/ticket/614,2
\query(...),\,2
emits,2
file_range''',2
\login.get_value("\login"\)\,2
bid_start_date,2
PipelineInterpreter,2
%s/url/page1',2
\title='',\,2
\undo(transaction_ticket=None,\,2
mode='copy'):,2
abort(),2
transaction!,2
treats,2
'description':,2
\key,value\,2
www.cherrypy.org/ticket/959,2
old_project_code:,2
\'preallocate','inplace']\,2
auto_unique_name,2
below,2
\my.server.get_child_types(my.ticket,\,2
element.qvalue,2
\shutil.copytree(dir,repo_path)\,2
overtime,2
\information:"\\,2
\os.path.normpath(os.path.join(os.getcwd(),\,2
variables:,2
my.server.get_server_version(my.ticket),2
my.transaction_ticket,2
spares,2
search_code_list,2
maya_path,2
default=None):,2
\line.split("\="\)\,2
\my.server.unlock_sobject(my.ticket,\,2
/%s/src/context/JSFL/load.jsfl',2
\get_pipeline_xml_info(my,\,2
switch,2
www.cherrypy.org/ticket/542,2
accept-params,2
https://,2
style,2
operated,2
cleans,2
\"\@SOBJECT(sthpw/snapshot['context','EQ','^model'])"\\,2
\config_xml="\"\,\,2
clears,2
#my.set_server(value),2
derivative,2
('<?xml,2
\my.server.add_config_element(my.ticket,\,2
\sobject.set_value("\code"\,\,2
search_keys=['prod/asset?project=sample3d&id=96']),2
imports,2
fail,2
|..|,2
\my.server.add_group(my.ticket,\,2
difficult,2
OS,2
\get_all_children(my,\,2
considered,2
SearchType.create(search_type),2
\get_ticket.py"\\,2
\u'.project',\,2
\Fx.Tween(bvr.src_el).start('height',\,2
\repo_path,\,2
\"\to_dir"\\,2
\my.server.get_all_paths_from_snapshot(my.ticket,\,2
\file=None,\,2
blocked,2
my.get_client_version(),2
Exception('%s,2
\my.server.execute_python_script(my.ticket,\,2
\top.getElement("\.spt_tab_top"\);\,2
\"\%0.4d"\)\,2
get_handoff_dir(my):,2
\'preallocate',\,2
End,2
\'test_objectmapping',\,2
recurse=False):,2
\file_types,\,2
'rb'),2
add_process,2
include_files=True),2
\transaction_id,\,2
3,2
ticket):,2
testing,2
PipelineInterpreter(pipeline_xml),2
'tactic.ui.common.SimpleElementWdg',2
\"\%s/.tactic/etc/%s"\\,2
\md5_checksum="\"\):\,2
Object,2
\reactivate_sobject(my,\,2
filters.append(,2
my.ticket,2
env_ticket:,2
\"\0"\\,2
Firefox,2
type(file_type),2
from_snapshot_code:,2
\my.server.fast_query(my.ticket,\,2
get_base_dirs(my):,2
Doc,2
remap,2
my.set_server(my.server_name),2
{}),2
application/octet-stream\r\n',2
\"\Filedata:\,2
connects,2
upload_file(path),2
interpret,2
\build_search_key(my,\,2
get_handoff_dir(),2
my.set_project(rc_project),2
quoted=quoted),2
#file.close(),2
class_name);,2
element_names):,2
overriden,2
\'~',\,2
pop-up,2
root:@localhost/test',2
Cookie('pipeline_canvas');,2
finally:,2
\'test_static',\,2
fast_ping(my):,2
\Search.get_by_code(search_type,\,2
to_dir:,2
security,2
\link,\,2
\shutil.copy(client_lib_path,\,2
i++),2
'chr001',2
os.path.exists(new_dir):,2
\log(level,\,2
msg),2
docs.cherrypy.org/cherrypy22-as-windows-service,2
\get_dependencies(my,\,2
\"\localhost"\\,2
\supported"\\,2
PREVIOUS,2
developer,2
antonym.org/node/100,2
'revision']:,2
aspn.activestate.com/ASPN/Cookbook/Python/Recipe/302378,2
www.cherrypy.org/ticket/686,2
busy,2
modelling,2
enumerate(file_paths):,2
preallcoated,2
TacticApiException('mode,2
\('User-Agent',\,2
my._setup(my.protocol),2
\add_file,\,2
'''Covenience,2
self.accessed_headers,2
\file.write("\project=%s\n"\\,2
\spt.panel.load_popup("\Reports"\,\,2
Although,2
len(value),2
os.path.abspath(file_path),2
new_paths,2
sobject.delete(log=False),2
path''',2
\my.server.query_snapshots(my.ticket,\,2
\first,\,2
get_pipeline_processes_info(),2
bound,2
users,2
os.environ.get('TACTIC_USER'),2
manually,2
force=False):,2
\'boundary=----------KM7Ij5cH2KM7Ef1gL6ae0ae0cH2gL6'),\,2
os.path.isdir(to_dir):,2
element.value[:-1],2
md5_checksum:,2
@file_range,2
\Query',\,2
\Xml.get_attribute(column,"\to"\)\,2
pipeline_xml,2
\get_ticket(my,\,2
filename_mode=''),2
%s:%s/headers/',2
(copy|download),2
\expand_paths,\,2
get_paths(,2
saving,2
'namespace':,2
change_log,2
bvr.kwargs);,2
size);,2
'houdini'],2
\get_parent_type(my,\,2
facilities,2
prod/asset,2
aspn.activestate.com/ASPN/Cookbook/Python/Recipe/66012,2
load_once,2
\"\file"\:\,2
psyco,2
\"\version_padding"\)\,2
\texture_codes,\,2
include_files=False):,2
\insert(search_type,\,2
versions,2
env_user:,2
include_hierarchy=False),2
os.environ.get('HOMEPATH')),2
os.path.dirname(to_path),2
\"\user"\\,2
\to,\,2
\create_snapshot(search_key,\,2
Redo,2
'.project\r\n',2
WebContainer.get_web(),2
\TacticApiException("\Checkout\,2
\my.server.upload_file(my.transaction_ticket,\,2
file_naming),2
column_types.get(name),2
rc_ticket:,2
security.get_ticket_key(),2
\sobject.set_value(name,value,\,2
(var,2
loading,2
\"\columns"\,\,2
\get_dependencies(snapshot_code,\,2
\my.download(web_path,\,2
represented,2
\repo_file_code,\,2
'C:/input_file_name.txt',2
#my.server.set_protocol(protocol),2
\unlock_sobject(my,\,2
\my.server.add_dependency_by_code(my.ticket,\,2
transfer_mode,2
\get_path_from_snapshot(my,\,2
'art',2
complictaed,2
#my.set_ticket(value),2
\get_expanded_paths_from_snapshot(my,\,2
Content-Type,2
filename2,2
\(e,url))\,2
colors,2
mixed,2
undos,2
search_key:,2
\'test_refleaks',\,2
clear_upload_dir(my):,2
\my.server.reactivate_sobject(my.ticket,\,2
readable,2
\my.server.get_unique_sobject(my.ticket,\,2
snapshot_path,2
gantt,2
Start,2
data.search_key),2
my['__search_key__'],2
\group_checkin(my,\,2
\sys.path.insert(0,\,2
Then,2
IE),2
virt.net/test/'),2
supposed,2
curve,2
cherrypy.serving.response.headers,2
\self.getPage('/flashupload',\,2
www.cherrypy.org/ticket/721,2
req_h,2
permanently,2
'file':,2
sobject.get_project_code(),2
www.xaprb.com/blog/2006/12/07/how-to-select-the-firstleastmax-row-per-group-in-sql/,2
spt_table_top,2
repo_mode),2
\"\q"\)\,2
#'s,2
root/secure,2
\base_dirs.get("\linux_local_base_dir"\)\,2
server_name:,2
\note,\,2
server:,2
new_dir,2
get_resource_path(),2
sobject_node,2
simply,2
portion,2
\get_snapshot(...),\,2
www.python.org/dev/peps/pep-0352/,2
transaction_id=None):,2
(env_user,2
many,2
self.assertBody('PAGE,2
sys.path:,2
100),2
3D,2
fields,2
\log(my,\,2
\Xml.get_attribute(node,"\action"\)\,2
\header.getAttribute("\spt_element_name"\);\,2
\'test_json',\,2
priority,2
urllib2.urlopen(url),2
\upload_file(my,\,2
context:,2
\encoding="\UTF-8"\?>\r\n'\,2
www.cherrypy.org/ticket/165:,2
\attr.startswith("\#"\):\,2
\my.server.get_preallocated_path(snapshot_code,\,2
\'>=',\,2
\base_dirs.get("\win32_local_repo_dir"\)\,2
\start(my,\,2
lines:,2
dir),2
\"\update"\:\,2
web_paths[i],2
snapshot_key,2
slow:,2
\get_all_children(search_key,\,2
www.faqs.org/faqs/unix-faq/programmer/faq/,2
'project_code':,2
shows,2
\(value1,\,2
expand,2
resp_h,2
Flash,2
client_api_version),2
forward,2
\"\file_type"\:\,2
mode='manual'),2
action_options=data_dict['action_options']),2
\spt.table.last_header_inner.setStyle("\width"\,\,2
pyopenssl.sourceforge.net/,2
interpreter.execute(),2
panel,2
\display_options=data_dict['display_options'],\,2
Schema,2
;,2
www.mornography.de'),2
Command(object):,2
client_lib_path),2
\my.server.get_all_dependencies(my.ticket,\,2
media-ranges,2
Higher,2
sobject.data,2
(use,2
Bar,2
\commit_session(my,\,2
'copy',2
=='GETDATE()':,2
'input_file_name.txt',2
\'prod/asset',\,2
my.handoff_dir:,2
thin,2
previously,2
\open(snapshot_path,\,2
houdini_path,2
files),2
int(frame_end),2
introduces,2
www.cheetahtemplate.org>,2
\'test_config',\,2
\my.server.get_path_from_snapshot(my.ticket,\,2
clp,2
\bid_start_date,\,2
exactly,2
edit_wdg,2
nature,2
www.modpython.org/pipermail/mod_python/2003-October/014291.html,2
\Xml.set_attribute(sobject_node,"\search_type"\,sobject.get_search_type())\,2
Newly,2
month,2
--------------,2
exercised,2
\add_file(snapshot_code,\,2
(FIXME:,2
\shutil.copy(orig_path,\,2
Title</h2>'),2
yet,2
www.w3.org/Protocols/rfc2616/rfc2616-sec14.html#sec14.24,2
true),2
#my.ticket,2
ping(my):,2
\bid_duration,\,2
my._get_timestamp(sobject),2
infomation,2
www.faqs.org/rfcs/rfc2145.html,2
\create_resource_paths(my,\,2
API/Server,2
\_httputil.HeaderMap.__getitem__(self,\,2
\file_range.find("\/"\)\,2
Query\r\n',2
\print("\"\)\,2
newly,2
\abort(my,\,2
search_keys:,2
[file_type],2
os.path.basename(client_lib_path),2
snapshot_dict,2
full_snapshot_xml,2
UploadMultipart,2
\addition,\,2
\self.getPage('/accept/feed',\,2
include_hierarchy,2
contain,2
parent_type,2
underscores,2
\center,\,2
my.get_tmpdir(),2
\add_directory(my,\,2
name):,2
\unique,\,2
Search(object):,2
column_type):,2
env_user,2
worked,2
indentifies,2
\cell.getAttribute("\spt_input_value"\);\,2
search_code/id,2
predicted,2
tools,2
Please,2
has_pipeline=False),2
'''Locks,2
my.set_server(rc_server),2
came,2
spt.popup._focus_el,2
\self.assertBody("\audio/basic\n"\\,2
\add_initial_tasks(search_key,\,2
\my.server.update_multiple(my.ticket,\,2
versionless=False),2
return_sobjects,2
\"\sthpw/transaction_log"\,\,2
tools.ietf.org/html/rfc2046#section-5.1.1,2
\query_snapshots(my,\,2
child_type,2
significantly,2
pointer,2
has_pipeline=False):,2
\my.server.get_client_dir(my.ticket,\,2
request.header,2
www.cherrypy.org/wiki?a=3&b=4',2
authenticates,2
\my.project_code,\,2
line:,2
\('Host',\,2
formated,2
issued,2
www.cherrypy.org/ticket/691,2
\information,\,2
\add_group(my,\,2
\self.assertBody("\Upload:\,2
\request.headers.accessed_headers,\,2
\get_snapshot(search_key,\,2
Utility,2
end_date,2
phrase,2
\request.hooks.attach('before_finalize',\,2
www.opengroup.org/onlinepubs/000095399/functions/fork.html,2
tactic_client_lib/application/common/introspect.py,2
classmethod(set),2
self.assertInBody('<title>Unknown,2
\set_server(),\,2
\'test_httpauth',\,2
UploadMultipart(),2
\www.example.test,\,2
search_key2:,2
sent,2
list(v),2
\"\delete"\:\,2
get_client_version(my):,2
protocol):,2
\tmp,\,2
my.set_ticket(env_ticket),2
'download':,2
\context="\model"\\,2
mainly,2
optionally,2
\add_dependency_by_code(to_snapshot_code,\,2
Objects,2
file_type='houdini',2
etc),2
\get_path_from_snapshot(snapshot_code,\,2
\repo_mode,\,2
\headers=[('Accept',\,2
data={}),2
text/*,2
get_client_api_version(my):,2
%s:%s/abs/?service=http://192.168.0.1/x/y/z',2
category),2
SObject(dict):,2
piecewise,2
type(file_path),2
urllib2,2
replicate,2
my.upload_file(path),2
real,2
\provided,\,2
understood,2
chart,2
\delete_sobject(my,\,2
tools.ietf.org/html/rfc2046#section-4.1.2:,2
file_paths.append(,2
\Xml.get_attribute(column,"\from"\)\,2
\lock_sobject(my,\,2
\%r"\\,2
\"\css_shadow_"\\,2
\my.server.get_preallocated_path(my.ticket,\,2
\my.get_ticket(env_user,\,2
get_ticket.py,2
client_lib_path,2
color:,2
sobject.get_base_search_type(),2
request.headers.elements('Accept'),2
file_paths.append(expanded),2
./blah.####.jpg,2
\'!~','~*','!~*)\,2
shutil.copytree('%s/subfolder',2
\my.server.get_pipeline_processes(my.ticket,\,2
\'test_proxy',\,2
Warn,2
\"\_"\)\,2
boundary,2
file.get_value(attr),2
\get_all_paths_from_snapshot(my,\,2
long,2
file_type='main'):,2
convenience,2
server=localhost,2
\(md5,\,2
successively,2
\'test_wsgi_vhost',\,2
['code'],2
figure,2
Explicitly,2
edge,2
'view':,2
\directory"\\,2
gantt_values,2
spt.api.Utility.get_input_values(top);,2
www.w3.org/Protocols/rfc2616/rfc2616-sec5.html#sec5.1.2,2
'''Adds,2
\server.query(ticket,\,2
code/id,2
refleaks,2
\my.server.get_column_info(my.ticket,\,2
#client_version,2
ValueError:,2
AM/PM,2
pos.y,2
trac.lighttpd.net/trac/ticket/418),2
performance,2
\shutil.copytree(client_lib_path,\,2
'%s/images/subfolder',2
paths['web_paths'],2
subsequent,2
lib_paths:,2
\my.server.get_dependencies(my.ticket,\,2
\"\handoff_dir"\\,2
\TacticApiException("\Server\,2
zero,2
file_type):,2
\category="\default"\):\,2
\retire_sobject(my,\,2
str):,2
\_httputil.HeaderMap.has_key(self,\,2
\add_dependency_by_code(my,\,2
file.write(full_snapshot_xml),2
info''',2
asked,2
omit,2
\execute_pipeline(my,\,2
Ping,2
run():,2
Config,2
\undo(my,\,2
parent_code,2
\'test_conn',\,2
client_lib_paths,2
\(dir,filename2)\,2
types:,2
Data-row,2
your,2
spt.tab.set_tab_top(top);,2
ctx.font,2
'Expire',2
critieria,2
\"\snapshot"\:\,2
ordering,2
path):,2
\add_column_to_search_type(my,\,2
\'test_etags',\,2
\version="\1.0"\\,2
says:,2
'ranges',2
css_shadow_name,2
www.cherrypy.org/ticket/871,2
\get_client_dir(my,\,2
\get_related_types(my,\,2
\execute_cmd(my,\,2
enough,2
\my.server.get_pipeline_xml(my.ticket,\,2
www.xmlrpc.com/spec),2
paths['client_lib_paths'],2
abs(self.months),2
get_server_api_version(),2
\my.server.redo(my.ticket,\,2
Merge,2
\range,\,2
\get_info_from_user(my,\,2
os.path.exists(client_lib_path):,2
\start(),\,2
urllib.urlopen(url),2
www.cherrypy.org/ticket/613,2
sk,2
\open,\,2
retire_sobject(search_key),2
\get_unique_sobject(my,\,2
www.cherrypy.org/ticket/941,2
return_sobjects=False):,2
\server.get_widget(class_name,\,2
popup_el.getElements('.SPT_POPUP_SHADOW');,2
os.environ.get('TACTIC_PROJECT'),2
orig_path,2
properly,2
\type,\\,2
raw_input('hit,2
default=default),2
ask,2
\context='icon',\,2
chooser,2
'TOOLS.AUTOVARY'),2
add_context,2
'''Set,2
\"\XG001"\\,2
v.difference(ignore),2
modification,2
shelf,2
chr001,2
ignore_files,2
\my.server.add_dependency(my.ticket,\,2
get_ticket(),2
192.168.120.121:8000/x/y/z'),2
\get_config_definition(my,\,2
\'is',\,2
\os.path.normpath(os.path.join(curpath,\,2
passing,2
\"\ticket"\:\,2
\file_range.split("\/"\)\,2
server.get_login(),2
\search.add_filter("\id"\,\,2
my.get_server_version(),2
int(version_padding),2
'Content-Type:,2
\('Cache-Control',\,2
TacticServerStub.get();,2
smaller,2
resp_h.elements('Vary')]),2
os.environ.get('TACTIC_PASSWORD'),2
jobs,2
\2,\,2
data={}):,2
classmethod(get),2
ghost_el,2
cherrypy.log('No,2
HTTP,2
\has_key(self,\,2
www.cherrypy.org/ticket/479,2
\my.server_name.startswith("\https://"\):\,2
int):,2
\vars,\,2
\path.replace("\####"\,\,2
\so,\,2
my.get_resource_path(),2
aspn.activestate.com/ASPN/Cookbook/Python/Recipe/146306,2
rc_project:,2
\filters=None,\,2
Switch,2
\element.value.endswith("\/*"\):\,2
firing,2
W3C//DTD,2
\exists"\\,2
__parent__,2
\create_snapshot(my,\,2
\'),\,2
manipulations,2
Questions,2
xmlrpclib.Binary(,2
exp,2
(or,2
non,2
TACTIC_PROJECT,2
\start,\,2
\protocol="\xmlrpc"\):\,2
\bvr.src_el.getParent("\.spt_dir"\);\,2
mode=None):,2
column='code'):,2
os.environ.get('TACTIC_TICKET'),2
get_info_from_user(force=False),2
\'test_wsgiapps',\,2
'local',2
validate,2
'multipart/form-data;,2
\keys.append("\%s|||%s"\\,2
req.read(1024*100),2
\'model',\,2
status,2
www.sqlobject.org>,2
paths:,2
\TacticApiException("\[%s]\,2
commits,2
uncertainty,2
donwloaded,2
snapshot_dict.get('code'),2
catch,2
set_response_header():,2
spt.simple_display_show(,2
transaction.get_transaction_log(),2
start/finish,2
bid_duration,2
open('%s/VERSION',2
\args,\,2
height:,2
\"\prod/shot?project=bar&code=XG001"\\,2
\create_resource_path(my,\,2
file_path.replace(,2
\file.write("\server=%s\n"\\,2
error:,2
set([e.value,2
rc_login:,2
pid),2
\my.server.get_ticket(login,\,2
(used,2
'local']:,2
\my.server.class_exists(my.ticket,\,2
\"\{%d}"\\,2
personal=False):,2
delievers,2
<session>,2
basic,2
\line.startswith("\#"\):\,2
class_path),2
\'test_tutorials',\,2
COMMENTED,2
\'local','inplace']\,2
\distinct,\,2
(rather,2
Different,2
frame_start,2
\to_dir=to_dir,\,2
'<projectDescription>\r\n',2
my.get_full_snapshot_xml(snapshot_code),2
\data_dict['class_name'],\,2
'Shockwave,2
\display_options,\,2
version=None,2
code.split('='),2
\successful,\,2
\(from_type,\,2
disable,2
\header."\\,2
standard,2
ShotTexture,2
\query(search_type,\,2
\checkout(my,\,2
upload/download,2
desc'],2
ticket),2
describes,2
\"\read:\,2
login=admin,2
\ImportError,\,2
version),2
my.get_client_api_version(),2
\created,\,2
.snapshot,2
scrollTop,2
'''uses,2
expand_paths,2
properties,2
\"\order_bys"\\,2
my.set_project(project_code),2
filedata),2
(other,2
project.get_value(attr),2
os.path.basename(url),2
routes,2
\get_widget(class_name,\,2
\Presently,\,2
mail.python.org/pipermail/python-win32/2008-March/007050.html,2
rendered,2
separated,2
\server.build_search_type(search_type,\,2
formatted,2
www.w3.org/Protocols/rfc2616/rfc2616-sec13.html#sec13.10,2
redraw,2
changing,2
groups:,2
\my.get_ticket(login,\,2
spt.notify.show_mesage(bvr.full_name,2
transaction_id=None),2
\"\character"\\,2
Also,2
Abort,2
\Generally,\,2
\'"\',\,2
parent_key=shot_key),2
%s:%s/one_megabyte_of_a/',2
display_options,2
get_by_search_key(search_key),2
personal),2
\sobject.get_value('code',\,2
-->,2
body),2
\"\chr001"\\,2
string|expression,2
\spt.panel.refresh(top,\,2
\get_virtual_snapshot_path(search_key,\,2
extract,2
\'test_mime',\,2
type:,2
'text/plain;,2
declarasions,2
mode='upload',2
env_ticket,2
#except,2
\description"\\,2
\'test_dynamicobjectmapping',\,2
request.headers.get('Accept'),2
cherrypy.log('Accessed,2
key_code,2
reactivate,2
headers:,2
embedded,2
\"\definition"\\,2
)+1,2
edits,2
\my.server.lock_sobject(my.ticket,\,2
to_snapshot_code:,2
client_lib_paths:,2
f.read(),2
text/x-c')],2
\(name,\,2
prod/asset?project=sample3d&code=chr001,2
www.cherrypy.org/ticket/945,2
\isinstance(media,\,2
get_pipeline_xml_info(),2
\mkdirs,\,2
authentications,2
curves,2
stypes,2
{'EXT':,2
\inplace,\,2
Task,2
implicit,2
prefer_parent_path(),2
\element_attrs,\,2
Context,2
\category="\default"\)\,2
\clone,\,2
absolute,2
my.server.clear_upload_dir(my.ticket),2
between,2
\get_full_snapshot_xml(my,\,2
\get_ticket.py"\)\,2
storing,2
\base_dirs.get("\linux_local_repo_dir"\)\,2
%s:%s/',2
-----------------,2
\my.server.execute_cmd(my.ticket,\,2
behaviors,2
\"\Got\,2
independent,2
\reduced,\,2
env_project:,2
\action_class_name=data_dict['action_class_name'],\,2
len(,2
\my.server.add_directory(snapshot_code,\,2
\transaction.create_log_node("\sobject"\)\,2
drawing,2
\snapshot.get('code'),\,2
\my.server_name.startswith("\http://"\)\,2
docs.python.org/lib/os-fd-ops.html,2
\finish(my,\,2
search_key.split('&'),2
\(td.getAttribute("\spt_input_type"\)\,2
(for,2
determined,2
cusotom,2
server_api_version:,2
\"\sthpw/sync_log"\,\,2
T:/assets/sample3d/asset/chr/chr003/scenes/chr003_rig_v003.txt,2
disappear,2
\mkdir,\,2
mode='upload'),2
\directory_checkin(search_key,\,2
\(value1,value2))\,2
mode):,2
www.apache.org/,2
mode=None),2
previous,2
convert,2
action_options,2
env_ticket),2
\my.server.add_initial_tasks(my.ticket,\,2
\"\&"\)\,2
\note',\,2
dummy,2
triggers=False,2
\keys.append("\%s|%s|%s|%s"\\,2
\my.server.update_config(my.ticket,\,2
my.create_resource_paths(login),2
\my.server.get_md5_info(my.ticket,\,2
changed_on,2
directly,2
desireable,2
\"\sthpw/search_object"\\,2
env_password),2
to_paths.append(to_path),2
\get_all_dependencies(snapshot_code,\,2
\types."\\,2
described,2
1;,2
env_server,2
appended,2
\'test_http',\,2
]:,2
dumped,2
Database,2
www.erlenstar.demon.co.uk/unix/faq_2.html#SEC16,2
column_types,2
[file_path],2
\insert(my,\,2
GETDATE(),2
\get_types_from_instance(my,\,2
project-based,2
\search.add_filter("\code"\,\,2
\eval(my,\,2
repo_path),2
\"\%%0.%dd"\\,2
dictionary/sobjects,2
column3:,2
\autovary(ignore=None,\,2
\execute_pipeline(pipeline_xml,\,2
border,2
containe,2
refreshes,2
simple_checkin(,2
\Container.get("\TacticServerStub"\)\,2
But,2
\"\filters"\\,2
get_description(my):,2
(low-quality),2
limit),2
\"\XG002"\)\,2
execute_cmd(my):,2
data_dict,2
get_column_info(search_type),2
'This,2
include_files),2
my.server.finish(),2
\checkins,\,2
\Config.get_value("\checkin"\,\,2
generated,2
\get_parent(my,\,2
lookup,2
req.close(),2
\_get_file_range(my,\,2
\file,\,2
ignore_files:,2
Menu:,2
\my.server.insert(my.ticket,\,2
Default,2
search_id_list,2
\"\snapshot_type"\:\,2
corrupted.'%to_path),2
listeners,2
abort,2
my.server.get_connection_info(my.ticket),2
server_api_version,2
Evaluate,2
buffered,2
\re.split("\[/]"\,\,2
auto_unique_view=False),2
(like,2
security:,2
sthpw/login?code=admin,2
\'test_auth_digest',\,2
args),2
\my.server.get_doc_link(my.ticket,\,2
\my.get_input_value("\search_key"\)\,2
complete_cbk});,2
www.cherrypy.org/ticket/951,2
forms,2
\q=0.5,\,2
www.cherrypy.org/ticket/573,2
MonitoredHeaderMap(),2
\'user',\,2
\_httputil.HeaderMap.get(self,\,2
\get_unique_sobject(search_type,\,2
generic,2
parts[1],2
my.server.set_protocol(protocol),2
int(frame_start),2
design/0001,2
\'test_session',\,2
\split_search_key(my,\,2
\file.write("\login=%s\n"\\,2
\"\Saved\,2
c=0;,2
time:,2
len(buffer),2
caution,2
spt.behavior.clone(popup_template);,2
file_path.find('#'),2
cookie.read(),2
\Xml.get_attribute(node,"\search_type"\)\,2
'preallocate':,2
\text/html;level=1,\,2
pos:,2
\action_options,\,2
\blue"\);\,2
spt.pipeline.enable_node(node);,2
\example,\,2
\spt.api.Utility.get_input_values(td,\,2
search_key.split('?'),2
\execute_python_script(my,\,2
text/x-dvi;,2
\skipping"\\,2
\build_search_key(search_type,\,2
repo_file_range,2
my.set_server(server_name),2
\present,\,2
day,2
line.strip(),2
prod/asset?project=code=chr001,2
'inplace':,2
\'*',\,2
'</projectDescription>\r\n'),2
create_icon=True,2
model,2
moz,2
Spawn,2
Blog</title>'),2
\my.server.commit_session(my.ticket,\,2
www.gzip.org/zlib/rfc-gzip.html,2
\tactic_node="\tactic_joe"\/>\,2
TacticException('Downloaded,2
is_revision),2
honor,2
input.value,2
\get_all_dependencies(my,\,2
replacing,2
'login':,2
interpreter.set_package(package),2
base},2
known,2
int(frame_by),2
my.server.test_speed(my.ticket),2
</session>,2
set_current_snapshot(snapshot_code),2
\update_config(search_type,\,2
\"\"\"\Auto-populate\,2
#my.transaction_ticket,2
www.cherrypy.org/ticket/630),2
filename_mode,2
texture_cls,2
\start(title,\,2
'The,2
open('%s/VERSION_API',2
occasionally,2
return_sobjects:,2
toggle,2
instance_type,2
lists,2
\['version',\,2
\recurse,\,2
enumerate(client_lib_paths):,2
avoid,2
www.domain.example,2
assigned=None),2
bid_end_date,2
refleak,2
upload.execute(path),2
\update_config(my,\,2
z.read('pyasm/application/common/interpreter/tactic_client_lib/VERSION_API'),2
\script_path,\,2
\__getitem__(self,\,2
order_bys),2
description=''),2
attempts,2
v.sort(),2
late,2
preference),2
attach,2
entities,2
scope,2
\require(["\moment.min.js"\],\,2
authenticate,2
['timestamp,2
code.djangoproject.com/changeset/8313,2
\query(my,\,2
\"\NO_PARENT"\\,2
class_path):,2
explicit,2
index:,2
search_key.find('&'),2
sandbox_paths:,2
production,2
sandbox_paths,2
\chr001,\,2
equal,2
saves,2
m.startswith(mtype):,2
titles,2
\my.server.create_search_type(my.ticket,\,2
Make,2
\www.cherrypy.test'),\,2
\"\%s%s"\\,2
execute(my):,2
\'test_sessionauthenticate',\,2
ghost,2
add_file(),2
\'test_httplib',\,2
u'Submit,2
old_search_type,2
OUT,2
parent_type),2
\dir='',\,2
\add_dependency(snapshot_code,\,2
support.mozilla.com/en-US/kb/Cookies,2
ways,2
\'definition',\,2
\('Connection',\,2
=='xmlrpc':,2
T:/assets/sample3d/asset/chr/chr003/scenes,2
my.server.ping(my.ticket),2
\TacticApiException("\No\,2
pipelines,2
Low,2
\my.server.add_file(snapshot_code,\,2
get_home_dir(),2
#1,2
file_path[file_path.index('#'):file_path.rindex('#')],2
Group,2
'.join(v),2
env_sobjects=env_sobjects),2
Expression,2
codes,2
get_client_version(),2
filename=filename),2
\my.server.get_config_definition(my.ticket,\,2
Useful,2
houdini_path],2
execution,2
get_server_version(),2
'btime',2
my.set_project(env_project),2
application,2
values);''',2
transactions,2
context='render'),2
\my.server.log(my.ticket,\,2
'prod/asset?project=sample3d&id=96',2
psyco.sourceforge.net/psycoguide/bugs.html:,2
\include_web_paths_dict,\,2
os.path.dirname(path),2
[media],2
sorted,2
aspn.activestate.com/ASPN/Cookbook/Python/Recipe/442473,2
args)),2
errors='ignore').encode('utf-8'),2
fudge,2
referent,2
my.server.abort(),2
ignore_files=False),2
[copy]'),2
\SearchType.column_exists(search_type,\,2
search_type.find('?'),2
'BASEFILE':,2
occurred,2
SearchType.get_column_types(search_type),2
#repo_paths,2
has_pipeline),2
c,2
.<login>.tacticrc,2
os.makedirs(new_dir),2
\file_types=file_types,\,2
CommandLineParser(testList),2
request.headers.update(req_h),2
my.get_info_from_user(),2
\selected,\,2
95),2
<ref,2
'characters',2
cls.server:,2
__file__'s,2
my.server.start(my.get_description()),2
\my.server.get_all_children(my.ticket,\,2
year,2
'preallocate'],2
\MOVE!"\\,2
value2),2
#dir,2
\search_key.split("\?"\)\,2
\"\sthpw/change_timestamp"\,\,2
project=unittest,2
\'test_auth_basic',\,2
to_sandbox_dir,2
get_resource_path,2
\"\[%s]\,2
'inplace']:,2
interpreter.set_server(my),2
able,2
\add_config_element(my,\,2
correct,2
\get_doc_link(my,\,2
\create_search_type(search_type,\,2
\tag,\,2
values),2
naming_list:,2
\create_search_type(my,\,2
produce,2
success,2
to_dir),2
\'test_encoding',\,2
Keep,2
\'>',\,2
s,2
global,2
\action_class_name,\,2
connect,2
my._get_file_range(file_range),2
\spt.panel.refresh(manager_top,\,2
prevent,2
wrapper,2
\"\current"\\,2
\name="\Upload"\\r\n'\,2
element_names,2
mapped,2
\my.server.add_column_to_search_type(my.ticket,\,2
\"\sthpw/command_log"\,\,2
www.cherrypy.org/ticket/361,2
\"\revision"\:\,2
Log,2
bother,2
\because,\,2
shot_key,2
\"\text/html\n"\\,2
spaces,2
req,2
tuple''',2
\remove_file(my,\,2
set(),2
\server.eval(exp,\,2
numerous,2
'------------KM7Ij5cH2KM7Ef1gL6ae0ae0cH2gL6--',2
\"\audio/*;q=0.2"\)\,2
\"\xmlrpc"\]:\,2
Checkin/out,2
\(os.environ.get('HOMEDRIVE'),\,2
to_node,2
m:,2
\my.set_state("\project"\,\,2
header:,2
\column='id',\,2
abort(ignore_files=False),2
pid):,2
spt.hide(,2
get_related_types(search_type),2
\"\%s.snapshot"\\,2
script_path,2
'table':,2
readonly,2
z.read('pyasm/application/common/interpreter/tactic_client_lib/VERSION'),2
%handoff_dir),2
MB,2
require,2
\'text/*,\,2
differs,2
assigned),2
resp_h['Vary'],2
www.cherrypy.org/ticket/751,2
TITLE'),2
#server_version,2
\op,\,2
reorder,2
please,2
'!',2
\checkout(search_key,\,2
When,2
'''determines,2
\Xml.set_attribute(sobject_node,"\search_code"\,\,2
100ms,2
path),2
\my.server.delete_sobject(my.ticket,\,2
\get_expanded_paths_from_snapshot(snapshot_code,\,2
\get_column_names(my,\,2
guess,2
v12:,2
\add_dependency(my,\,2
my.server.get_release_version(my.ticket),2
preallocate]'),2
s=0;,2
e,2
Directory,2
sobject.set_id(search_id),2
recurse),2
add_dependency_by_code(),2
clear_upload_dir(),2
Project):,2
(env_server,2
\my.server.get_pipeline_xml_info(my.ticket,\,2
\["\batch"\,\,2
Matching,2
below:,2
audio/basic')],2
\my.server.finish(my.ticket,\,2
os.path.exists(handoff_dir):,2
\Xml.get_attribute(node,"\search_id"\)\,2
houdin,2
\my.server.get_expanded_paths_from_snapshot(my.ticket,\,2
Environment.get_security(),2
clp.interactive:,2
\'no-cache'),\,2
'datetime2',2
\self.assertBody("\text/x-c\n"\\,2
get_search_key(my):,2
'C:/images',2
\get_widget(my,\,2
MD5,2
reducing,2
run(),2
vars),2
\get_preallocated_path(my,\,2
include_hierarchy),2
\access."\"\"\\,2
www.alanflavell.org.uk/www/post-redirect.html,2
\range(start,\,2
\TACTIC_TICKET,\,2
1.7),2
\my.set_project("\admin"\)\,2
my.server.fast_ping(my.ticket),2
breadcrumb:,2
parts[0],2
grandparent),2
www.cherrypy.org/ticket/733,2
\get_pipeline_processes_info(my,\,2
os.path.exists(to_path):,2
\"\..\,2
Common.get_filesystem_name(result),2
\set_widget_settings(key,\,2
\query,\,2
\id,\,2
\"\sthpw/ticket"\,\,2
bezier,2
\"\skipping\,2
\"\http://%s/tactic/default/UploadServer/"\\,2
env_project,2
delete_sobject,2
\'<',\,2
www.cherrypy.org/ticket/709,2
border:,2
testList,2
web_path,2
another,2
\my.server.abort(my.ticket,\,2
\Yes,\,2
\element_attrs=data_dict['element_attrs'],\,2
test/eval_sobj,2
\raw_input("\Project\,2
media-range,2
:,2
\manual,\,2
\"\css_active_"\\,2
\q=0.8,\,2
\set(['Content-Disposition',\,2
\"\login"\:\,2
#data,2
package:,2
getting,2
\insert_update(search_key,\,2
\spt.panel.load_popup(bvr.title,\,2
\"\filters"\,\,2
Convert,2
temporary,2
evt.total),2
sobjects:,2
\'manual',\,2
inputs,2
\'test_wsgi_ns',\,2
\('like',\,2
\server.build_search_key(search_type='prod/shot',code='XG001')\,2
\'test_bus',\,2
support.microsoft.com/kb/q218155/,2
reload,2
processes),2
\is_match,\,2
file.readlines(),2
protocol:,2
methods:,2
\group_checkin(search_key,\,2
get_parent_type(search_key),2
\get_all_paths_from_snapshot(snapshot_code,\,2
\my.server.set_state(my.ticket,\,2
\get_pipeline_processes(search_key,\,2
container,2
clp.run(),2
Environment.get_app_server(),2
spt.tab.set_tab_top(tab_top);,2
related_process),2
compatibility),2
\"\TACTIC\,2
env_password,2
null),2
\("\code"\,\,2
simulate,2
host)),2
trying,2
existence,2
\Xml.set_attribute(sobject_node,"\search_id"\,\,2
get_full_snapshot_xml(snapshot_code),2
\%dir,\,2
\execute_cmd(class_name,\,2
password):,2
\[True,'true']:\,2
set_project(),2
my.upload_file(full_path),2
include_hierarchy=False):,2
\filename="\.project"\\r\n'\,2
uses,2
console.log(values);,2
\top_el.getElement("\.spt_drop_element_value"\);\,2
\get(cls,\,2
flags,2
indexing:,2
len(parts),2
ui,2
\search_key="\prod/shot?project=bar&code=joe"\\,2
TacticServerStub.get(),2
www.faqs.org/rfcs/rfc2109.html,2
'Main,2
\'499'),\,2
\my.server.get_parent(my.ticket,\,2
get_path_from_snapshot(),2
env_project):,2
'''simple,2
\get_config_definition(search_type,\,2
auto_unique_view=False):,2
auto_unique_view,2
\"\POST"\,\,2
int(start),2
\["\CURRENT_TIMESTAMP"\,\,2
shadow_list.length;,2
bvr.src_el.innerHTML,2
shown,2
project),2
\'test_xmlrpc',\,2
processes=[]),2
\get_virtual_snapshot_path(my,\,2
Parse,2
\my.server.get_related_types(my.ticket,\,2
\component,\,2
freeform,2
adds,2
\_setup(my,\,2
file_group_dict,2
\update(search_key,\,2
Data,2
provides,2
old_ticket:,2
\level,\,2
See,2
\set_project_state(my,\,2
\"\.join(media))\,2
package):,2
JSON.parse(,2
\md5_checksum="\"\)\,2
Texture,2
related_process=None),2
\eval(expression,\,2
\'test_states',\,2
access,2
curpath,2
\directory_checkin(my,\,2
ApiXMLRPC(),2
\__contains__(self,\,2
get_home_dir(my):,2
\get_preallocated_path(snapshot_code,\,2
assumed,2
www.cherrypy.org/ticket/650,2
\[maya_path,\,2
name:,2
\create_task(search_key,\,2
\get_client_dir(snapshot_code,\,2
\"\version"\:\,2
brute,2
wrapped,2
screen,2
\metadata=[],\,2
tolerance,2
developers,2
www.cherrypy.org/ticket/763,2
seen,2
\template,\,2
\get_paths(my,\,2
character,2
paths['sandbox_paths'],2
\query_snapshots(filters=None,\,2
\'Content-Length',\,2
\('Content-Length',\,2
\my.server.remove_file(my.ticket,\,2
affects,2
s++,2
solid,2
\'#'*padding,\,2
maya,2
this?,2
\my.upload_group(file_path,\,2
English,2
hour,2
identifies,2
\redo(my,\,2
tests,2
\'test_caching',\,2
filename:,2
\set_state(my,\,2
www.zeustech.net/,2
column_type),2
creation''',2
'';,2
\"\%%0.%sd"\\,2
full_path,2
\Xml.get_attribute(node,"\search_code"\)\,2
old_project_code),2
upload.set_ticket(my.transaction_ticket),2
Logging,2
\set(cls,\,2
\upload_group(my,\,2
cherrypy,2
\get_snapshot(my,\,2
www.cherrypy.org/wiki/CherryPySpec,2
os.path.isdir(client_lib_path):,2
env_server:,2
\good.',\,2
bring,2
transformation,2
\version="\3"\\,2
\'www.example.com:8080'),\,2
sandbox_paths[i],2
#try:,2
icons,2
\Exception,\,2
optimizations,2
\get_child_types(my,\,2
apps,2
\"\text/x-dvi;q=0.8\n"\\,2
\cherrypy.HTTPError(406,\,2
os.environ.get('TACTIC_SERVER'),2
\keys.append("\%s|%s||%s"\\,2
enough),2
self.PORT)),2
\empty"\\,2
enter'),2
\"\default"\\,2
transaction:,2
\set_response_header,\,2
\set_ticket(),\,2
\(ticket,\,2
file_types[i],2
calendar,2
\my.server.get_parent_type(my.ticket,\,2
has_pipeline,2
account,2
\exist"\\,2
checks,2
&&,2
range:,2
\get_parent(search_key,\,2
(value),2
#file,2
\"\sthpw/sync_job"\,\,2
my.set_ticket(rc_ticket),2
heavily,2
\revision,\,2
\redo(transaction_ticket=None,\,2
\simulator,\,2
\get_pipeline_processes_info(search_key,\,2
package),2
\my.server.insert_update(my.ticket,\,2
\revision="\2"\\,2
'local';,2
\my.server.get_widget(my.ticket,\,2
\get_pipeline_xml(my,\,2
c++,2
\my.server.get_paths(my.ticket,\,2
\el.setStyle("\background"\,\,2
transction,2
\add_group(snapshot_code,\,2
value3,2
Maya,2
%file_path,2
applet.exec_shell('cmd.exe,2
bob.pythonmac.org/archives/2005/09/23/apache-x-forwarded-for-caveat/,2
name_value_pairs,2
\create_icon=False,\,2
data['project'],2
Typically,2
include_parent,2
mail.python.org/pipermail/distutils-sig/2004-August/004134.html,2
'''Takes,2
\[move,\,2
\"\No\,2
os.path.expanduser('~'),2
\get_pipeline_processes(my,\,2
'inplace'],2
icon_name;,2
brief,2
new_value,2
puts,2
'media',2
file.read(),2
\level,message,\,2
int(end),2
show_retired=False),2
\spt.table.last_table.setStyle("\width"\,\,2
get_snapshot(),2
\re.match(r'(.*)([/|\\]$)',\,2
www.w3.org/Protocols/rfc2616/rfc2616-sec3.html#sec3.7.1,2
reveals,2
Cmd,2
(overrides,2
class_name),2
\sobject.set_value(name,value)\,2
get_child_types(search_key),2
'image.jpg',2
my.login_ticket,2
assigned=None):,2
exmple,2
factor,2
\'test_core',\,2
#filename,2
\'test_logging',\,2
\...."\\,2
libraries,2
droppable,2
Only,2
\my.server.get_types_from_instance(my.ticket,\,2
get_column_names(search_type),2
along,2
www.domain2.example,2
value_wdg.value,2
get_server_api_version(my):,2
\spt.panel.load_popup("\Sync\,2
os.path.exists(file_path):,2
\source_path,\,2
localhost,2
\www.cherrypy.org/'),\,2
True:,2
#filters,2
hash,2
open(file_path),2
instance_type),2
SPTDate.convert(value),2
instance_type):,2
Transaction.get(),2
v.union(request.headers.accessed_headers),2
\simple_checkin(my,\,2
share,2
get_connection_info(my):,2
web_paths,2
typ,2
against,2
\['maya',\,2
\file.write("\ticket=%s\n"\\,2
pyasm.prod.service,2
reactivate_sobject(search_key),2
\'test_virtualhost',\,2
Either,2
\my.server.get_column_names(my.ticket,\,2
\ctx.fillText(title,\,2
\class_exists(my,\,2
\_httputil.HeaderMap.__contains__(self,\,2
get_resource_path(login=None),2
'Content-Type']),2
push,2
\path.find("\####"\)\,2
spt.app_busy.hide();,2
\"\sthpw/login"\\,2
s-e/b,2
wit,2
paths.append(path2),2
+y);,2
\'inplace',\,2
\'get_release_version'"\\,2
cloned,2
version_padding:,2
\revision=None,\,2
interval)*interval,2
<=,2
related_process=None):,2
\get_md5_info(my,\,2
css_active_name,2
unblocked,2
basestring):,2
dealt,2
own,2
[move],2
sys.exit(success),2
(using,2
initializing,2
www.ietf.org/rfc/rfc2396.txt,2
\value2,\,2
tactic_path,1
\spt.freeform.resize_el.setStyle("\left"\,\,1
\pointer.setStyle("\top"\,\,1
env.set_transfer_mode(bvr.wdg_transfer_mode);,1
Opera,1
get_by_sobject,1
+num_jobs+,1
scrolling,1
\change_log.get_json_value("\changed_on"\,\,1
log(),1
completed,1
project_code=None):,1
spt.side_bar._link_display_info;,1
classmethod(build_search_key),1
probably,1
\el.setStyle("\opacity"\,\,1
code):,1
cbjs_action,1
\spt.pipeline.set_color(node,\,1
Column,1
indexes_array,1
num,1
spt.scm.status(bvr.sync_dir);,1
filename);,1
snapshot=None):,1
classmethod(get_by_sobjects),1
edited,1
chnage,1
\bvr.src_el,\,1
bvr.dst_el:,1
\Xml.set_attribute(sobject_node,"\prev_search_code"\,\,1
<depot>/,1
critical|error|warning|info|debug,1
'tactic.command.PluginCreator';,1
\'Textarea',\,1
\"\project="\\,1
<<,1
alert('move:,1
holder,1
fd,1
\/g,"\_"\);;\,1
\events"\);\,1
context_list.append(',1
continue;,1
spt.pipeline.remove_group(bvr.pipeline_code);,1
values['data'],1
\here,\,1
drag_start,1
least,1
allows,1
dst);,1
FileList,1
include_web_paths_dict,1
\provided"\);\,1
MissingException(error),1
\start.x+width,\,1
involved,1
applies,1
plug,1
expression''',1
\dialog.setStyle("\left"\,\,1
search_type_list,1
'''function,1
col,1
(group_elements),1
current_pipeline,1
server.get_by_search_key(queue_key);,1
|....|,1
'1000');,1
\bvr.src_el.setStyle("\border"\,\,1
MissingException(TacticException):,1
group_info.get_color();,1
\editAreaLoader.getValue("\shelf_script"\);\,1
\$("\shelf_script"\).value\,1
note_context,1
dangerous,1
file_types),1
\spt.progress.add_path(file_path,\,1
\keys.append("\"\)\,1
shift,1
\'Select',\,1
200);,1
eli.thegreenplace.net/2010/06/25/aes-encryption-of-files-in-python-with-pycrypto/,1
Ask,1
xhr.send(body);,1
\['JustifyLeft','JustifyCenter','JustifyRight','JustifyBlock'],\,1
\"\sthpw/transaction_log"\:\,1
len(search_keys)==len(search_id_list):,1
\redo"\\,1
\search_key.split("\|"\)\,1
data.get('id'):,1
expr:,1
name_value_part,1
\there,\,1
Node,1
\spt.tab.set_attribute(element_name,\,1
matters,1
spt.checkin_list.select(),1
slashes,1
filename_mode=''):,1
\"\Error\,1
Export,1
console.log(scm_info[i]);,1
date.format('MMM-DD');,1
nodes;,1
5px,1
sobject.get_search_type_obj(),1
scratch,1
\DC=gb,DC=vo,DC=local'\,1
spt.pipeline.select_nodes_by_group(node.spt_group);,1
'''Add,1
supplied,1
bvr.src_el;,1
spt.pipeline.fit_to_canvas(pipeline_code);,1
little,1
\"\#A77"\);\,1
\execute_python_script(class_name,\,1
\clone.setStyle("\width"\,\,1
spt.tab.get_selected_header();,1
\get_connected_sobjects(my,\,1
search_type_parts,1
/%s/src/context/JSFL/load2.jsfl',1
color;,1
undesired,1
\"\15px"\);\,1
\connect_sobjects(src_sobject,\,1
sobject.set_force_insert(),1
indexes_array.sort(,1
\"\path:\,1
\server.finish("\Visual\,1
\get_by_sobject(cls,\,1
kwargs2);,1
\parent.setStyle("\left:\,1
\naming4.set_value('search_type',\,1
\bigger,\,1
\place,\,1
tear-away,1
no_exception=True):,1
pyunit.sourceforge.net/notes/reloading.html,1
setTimeout(,1
subject.value,1
mouse_411.curr_y,1
artifact,1
\bvr.src_el.getParent("\.spt_panel"\);\,1
moving,1
spt.get_cousin(,1
'Bl'),1
spt.panel.load(),1
context.split('/'),1
curr_left,1
enumerate(sample_name):,1
classmethod(extract_database),1
\used,\,1
spt.pipeline.get_canvas();,1
statement!,1
spt.table.select_row(row);,1
'middle';,1
status_div.reveal({duration:,1
something,1
console.log(key);,1
\"\#DDD"\);\,1
doing,1
\content_top.getElements("\.spt_tab_content"\);\,1
state.height,1
\ctx.fillText("\>"\,\,1
spt.table.get_element_name_by_cell(cell);,1
(Changes,1
\'tactic.ui.widget.CalendarWdg',\,1
right_node,1
cbk_vals,1
\cls.get_by_sobject(sobject,\,1
\Search.get_by_code(search_type_list[0],\,1
[.spt_table_insert_row],1
(size,1
\Notes"\);\,1
well:,1
\"\curr_top\,1
fist,1
spt.show(dialog);,1
(defaults,1
sending,1
protocol=''):,1
\"\/"\.join(parts[1:])\,1
\value_wdg,\,1
\top.getElement("\.spt_checkin_history"\);\,1
//var,1
{'title':,1
\my.server.connect_sobjects(my.ticket,\,1
str(to_data),1
\none,\,1
aspn.activestate.com/ASPN/Cookbook/Python/Recipe/66314,1
el.hasClass(css_active_name),1
(spt.browser.is_Webkit_based(),1
is_insert:,1
\"\_"\\,1
>>,1
\"\timestamp"\)\,1
Types,1
offset);,1
(type,1
\"\dashed\,1
%cont),1
classmethod(build_by_sobject),1
\row,\,1
kwargs2,1
file_info,1
bit,1
dx);,1
};,1
integrity,1
\applet.copy_file(files_in_js[i],\,1
\'.spt_data',\,1
offset_top,1
\element,\,1
hidden_input;,1
\"\hidden"\)\,1
console.log(files[i]);,1
SearchKey.extract_code(sk),1
transaction_ticket=''):,1
\defined,\,1
json,1
storage,1
spt.dg_table.get_search_keys();,1
trash,1
\'/',\,1
infon,1
editing,1
immediately,1
30,1
tbis,1
red,1
prev_code),1
size.y,1
\also,\,1
treated,1
set-up,1
spt.popup.release_focus(,1
\"\sthpw/search_object"\:\,1
|...|,1
\clone.setStyle("\height"\,\,1
dangling,1
arg,1
new_title};,1
ID),1
\spt.panel.load_popup("\Activty"\,\,1
kept,1
\js_el.setAttribute("\type"\,\,1
\SObject.get_by_search(search,\,1
naming_dict.get(key),1
inverse,1
cookie.write(JSON.stringify(state)),1
'<div><img,1
parser.parse(col_changed),1
Hierarchy,1
\search_id.endswith("\'"\):\,1
\keys.append("\%s||%s|"\\,1
didn't,1
dev.southpawtech.com/trac/wiki/TACTIC_release_versioning',1
produces,1
\my.server.get_connected_sobjects(my.ticket,\,1
Busy,1
reloading,1
'uploaded':,1
\spt.freeform.resize_el.setStyle("\top"\,\,1
\0px"\);\,1
\spt.trigger.fire_named_event("\validate|project/asset"\);\,1
\methods,\,1
Display,1
\TacticServerStub(protocol='local',\,1
'Sqlite':,1
name_parts[name_parts.length-1];,1
pushes,1
\top.getElement("\.spt_gantt_end"\);\,1
putting,1
\my.server.get_table_info(my.ticket,\,1
(1px),1
spt.checkin_list.unselect_all_rows();,1
(k,1
accident,1
\"\,"\\,1
instance.file_list.length,1
extract_id,1
stil,1
enforcement,1
\"\+bvr.bgcolor+"\'>No\,1
new_title,1
2:,1
\naming_to_dir(my,\,1
snapshot;,1
insert_row,1
ticket});,1
spt.uploader.upload_file(files[i]);,1
'<?xml,1
removes,1
moment,1
raw,1
Callbacks,1
'15',1
ret_val,1
\"\"\,\,1
failure,1
'Loading,1
Replaced,1
\new-line,\,1
max,1
trashed,1
upload_dir,1
src_sobject:,1
yyyy-mm-dd''',1
(!has_changes(bvr)),1
cbjs_insert,1
title});,1
new_data,1
\get_by_code(my,\,1
document.createElement('display'),1
thought,1
Init,1
button,1
pos_left,1
completely,1
source_path),1
total,1
wheel,1
10);,1
pointer_pos.y-);,1
www.w3.org/TR/2000/REC-xml-20001006#NT-EntityRef,1
bvr2),1
\name_value_pairs.split("\&"\)\,1
'editor_id':,1
bvr.firing_element;,1
spt.pipeline.select_single_node(node);,1
FIRST,1
\clone_sobject(search_key,\,1
\search_key.startswith("\sthpw/"\):\,1
External,1
'MySQL':,1
\"\px"\);\,1
result.id,1
\extract_project(cls,\,1
\"\/context/spt_js/"\\,1
\bvr.basename,\,1
60);,1
data['code'],1
cuz,1
\bvr.src_el.getParent("\."\+bvr.top);\,1
unexpected,1
rise,1
aren't,1
\"\add\,1
TacticServerStub(protocol='local'),1
\"\START\,1
onto,1
\"\ERROR:\,1
overlapping,1
provide,1
(origin.y+outer.y)/2;,1
'display_options':,1
js_file,1
\"\(x,y)\,1
\cells[i].getElement("\.spt_checkbox"\);\,1
el.hasClass(css_shadow_name),1
menu_item's,1
str(value)),1
sort,1
dst,1
data['labels']);,1
unused,1
\spt.alert("\Must\,1
\specifics.split("\&"\)\,1
x_offset),1
SType,1
\'Radio',\,1
\int(search_id.strip("\'"\))\,1
spt.api.toggle_show_hide(spec);,1
\uploadCanceled,\,1
extract_code,1
percent_complete);,1
\"\auto"\);\,1
spt.progress.run_jobs_serial({on_complete:,1
%dir])),1
\search_key.split("\project="\)[1].split("\&"\)[0]\,1
xx;,1
\editAreaLoader.setSelectionRange("\shelf_script"\,\,1
erase,1
cloning,1
compat,1
\"\sthpw/cache"\\,1
technet.microsoft.com/en-us/library/cc917573.aspx,1
correctly,1
value.test(,1
\parts[1],\,1
\el.setStyle("\border"\,\,1
\hidden_row.setStyle("\padding"\,\,1
id),1
data.get('id'),1
\search_key.replace("\&amp;"\,\,1
\isinstance(to_data,\,1
\spt.named_events.fire_event(bvr.evt_name,\,1
\"\left"\,\,1
Workflow,1
\Xml.set_attribute(node,"\to"\,value)\,1
dst_sobject,1
spt.dg_table_action.csv_import(bvr);,1
'-'],1
\however,\,1
present,1
highlight,1
element_names.push(group_elements);,1
\pos,\,1
input_top,1
spt.progress.reset();,1
Connectors,1
\my.server.get_plugin_dir(my.ticket,\,1
drag_spacer,1
specifying,1
js_file;,1
\['Maximize',\,1
listing,1
server.split_search_key(search_keys[i]);,1
context});,1
spt.pipeline.get_node_by_name(right_search_type);,1
\"\//"\+bvr.depot);\,1
Refresh,1
investigate,1
staticmethod(breakup_search_type),1
prev_code:,1
\test.replace("\/"\,\,1
www.w3.org/TR/NOTE-datetime,1
Labels,1
compatibiity,1
dates,1
\"\search_type"\:\,1
interval)*interval),1
\get_widget_setting(my,\,1
\console.log("\Percent:\,1
search_type_parts[1],1
my_view_..,1
mootools,1
\"\MB"\;\,1
calculation,1
\name_value_pair.split("\="\)\,1
\['/','\\','.',\,1
\Xml.set_attribute(sobject_node,"\action"\,"\update"\)\,1
\otherwise,\,1
'popup_parent_el',1
my._get_timestamp(parent),1
\"\pos_top\,1
name_parts,1
strings,1
\"\pos_left\,1
new_view;,1
attached,1
|.|,1
console.log(msg),1
\alert("\Unity\,1
gist.github.com/610907,1
Rect,1
\snapshot.get_value("\snapshot_type"\)\,1
search_keys.append(search_key),1
twice,1
editablility,1
expression:,1
to_parts,1
\applet.exec("\aspera_cp"\,\,1
URL,1
unselect,1
\description='',\,1
middle,1
\"\pyasm.search.SearchType"\\,1
spt.resize_scroll.drag_x_resize_setup,1
[password]),1
attr.startswith('date'):,1
\extract_base_search_type(cls,\,1
inject,1
indexes_array.push(parseInt(i));,1
=='inline'),1
\spt.app_busy.show("\Copying\,1
throw(error);,1
\get_table_info(my,\,1
parser.parse(transaction_time),1
60*60,1
perforce,1
spt.progress.get_src();,1
\["\\,1
\"\click-off"\)\,1
(RETURN),1
'14px,1
\"\None"\\,1
spt.progress.get_path(),1
indexes_array.reverse();,1
momve,1
\my.server.get_by_code(my.ticket,\,1
'_spt_push_new_value_to_label',1
uploader,1
\bvr.src_el.setStyle("\overflow-x"\,\,1
'1']:,1
checkin_command,1
\server,\\,1
Assumes,1
widths,1
prev_code=None):,1
connections,1
get_table_info(search_type),1
xx,1
script_path):,1
(i%2,1
\_get_data(cls,\,1
\js_el.setAttribute("\src"\,\,1
search_expr,1
spt.dg_table.edit_cell_cbk(,1
from_parts[from_parts.length-1];,1
importing,1
had,1
.*/,1
\spt.table.add_columns(["\general_checkin"\]);\,1
sobject):,1
Qt,1
\data.get("\code"\)\,1
stats_msg,1
Mouse,1
module,1
\my.server.create_note(my.ticket,\,1
Connect,1
search_type.startswith('sthpw/'),1
chr001_model_v004_00001.ext,1
everything,1
slow,1
\get_by_code(search_type,\,1
\layout.getElement("\.spt_table_insert_row"\);\,1
from_node,1
\unicode(to_data,\,1
tends,1
sthpw/task's,1
spt.hide(el),1
LOGIC:,1
element.appendChild(display);,1
len(search_keys)==len(search_code_list):,1
activator,1
\snapshot.get_value("\context"\)\,1
';,1
js_el,1
server.get_handoff_dir();,1
shot/SEQ001/shot_001,1
||,1
\"\SPT_Z"\\,1
prone,1
deleted,1
Should,1
effective,1
'tactic.command.PluginInstaller';,1
\naming3.set_value('dir_naming',\,1
console.log(ret_val);,1
to_parts[to_parts.length-1];,1
width;,1
spt.progress.run_jobs();,1
dst_sobject:,1
'''convenience,1
values.html;,1
spt.table.accept_edit(),1
reference),1
Backwards,1
node.removeChild(node.lastChild);,1
el.removeClass(css_shadow_name);,1
\search_id,\,1
node.spt_group;,1
\sobject=None,\,1
\TacticServerStub(protocol='xmlrpc',\,1
spt.kbd.special_keys_map.ENTER;,1
\['context','snapshot_type','version','revision']\,1
x-offset);,1
www.iso.ch/iso/en/prods-services/popstds/datesandtime.html,1
left_pos);,1
\search_key.split("\code="\,\,1
create_sandbox_script_path,1
target_id:,1
'#6CB87B');,1
tries,1
\SearchException("\Improper\,1
changelists,1
cloning),1
\spt.api.Utility.get_input_values(option_el,\,1
staticmethod(eval_template),1
\"\Transaction\,1
Max,1
modify,1
plugged,1
numbers:,1
\"\:\,1
\result.replace("\/"\,\,1
DirlistWdg,1
spt.resize_scroll.drag_y_resize_setup,1
Order,1
%s],1
bvr.src_el.getSize();,1
'_blank');,1
\search_type.split("\?"\)\,1
'''Interface,1
new_data.keys():,1
\lost)"\);\,1
\"\ofc/js/swfobject.js"\;\,1
group.get_connectors();,1
\top.getElement("\.spt_element_def_mode"\);\,1
working,1
log_undo,1
spt.table.smallest_size-offset);,1
\['TextColor','BGColor'],\,1
\row.getStyle("\background-color"\);\,1
SetupException('A,1
Backing,1
\re.split("\[/._]"\,\,1
\spt.checkin.sandbox_dir+"\/.tactic/info.txt"\;\,1
loop,1
\['HorizontalRule','SpecialChar'],\,1
el.addClass(css_shadow_name);,1
revived,1
kwargs={}):,1
requests,1
get_filesystem_name,1
altered,1
ids[i]);,1
spt.resize_scroll.drag_resize_setup,1
search_type:,1
'SQLServer':,1
list:,1
\Effects.fade_in($('create_project_wizard'),\,1
\href.split("\#"\);\,1
\document.createElement("\script"\);\,1
\console.log("\cached\,1
adjustments,1
\top.setStyle("\border"\,\,1
queue_key,1
triggers=True,1
inline-type,1
vertical,1
get_base_dirs(),1
sizes,1
applet,1
submitted,1
spt.show(el);,1
\top.getElements("\.spt_dir_list_item"\);\,1
bvr.drag_el;,1
base_name,1
www.cl.cam.ac.uk/~mgk25/iso-time.html,1
serve,1
\#BBB"\);\,1
spt.Applet.get();,1
(firstChild),1
fps),1
'''connect,1
App,1
multi-line,1
boxes,1
\search.add_filter("\search_type"\,\,1
extract_search_type,1
\search_key_info.search_type,\,1
get_by_search_keys,1
serach_type,1
title_el,1
deletion,1
closes,1
snapshot_type),1
\env_sobjects=env_sobjects,\,1
\time.strftime(format,\,1
inputs.each(function(el),1
element_name;,1
parameters,1
server.start();,1
\property"\\,1
non-popup,1
revised,1
/^\d\d\d\d-\d\d-\d\d,1
num;,1
dateutil,1
url);,1
source_path=None,1
28)*(1-(h//28)*(29//(h+1))*((21-g)//11)),1
\server.start({title:title,\,1
is_revision=False):,1
dialog,1
drag_duration,1
auto_process,1
setup=True):,1
\mode="\copy"\):\,1
...,1
compatible,1
\name.split("\/"\);\,1
Otherwise,1
cls.extract_base_search_type(search_key),1
pos_top,1
anything,1
\[search_type,columns,result])\,1
\['Cut','Copy','Paste'],\,1
\position,\,1
functional,1
\"\pyasm.checkin.FileCheckin"\\,1
breakup_search_type(search_type):,1
\sobject.get_value("\code"\)\,1
offscreen,1
users.chariot.net.au/~gmarts/eastalg.htm,1
keeping,1
\'HiddenField'],\,1
(start.y,1
Options,1
Grab,1
menu_width),1
reposition,1
values['gantt_data'],1
www.uaex.edu/srea/Huge_Strings_Using_LOBs.htm,1
len(Common.get_unique_list(search_type_list)),1
context_list.append(context),1
\get_by_sobjects(cls,\,1
duplicate,1
spt.table.get_cells(element_name);,1
\search_key.find("\|"\)\,1
us,1
\rows,\,1
(el.type,1
spt.log.error(info.stack_trace);,1
toggling,1
\src="\/context/icons/common/indicator_snake.gif"\\,1
'1500'});,1
etc.),1
\"\user"\]:\,1
\error,\,1
\"\text/javascript"\);\,1
ringmaster.arc.nasa.gov/tools/time_formats.html,1
\["\+bvr.pipeline_code+"\]\,1
+=1;,1
log_undo_for_delete,1
\(origin.x+outer.x)/2,\,1
\Widget"\,\,1
option_el,1
\console.log("\menu\,1
scripts,1
%input_path,1
NamingUtil(object):,1
node_name,1
schema.color;,1
psyco.bind(Search.do_search),1
fnction,1
pointer.position({position:,1
checkin_type='strict'):,1
labels[element_name],1
all_headers;,1
accessed,1
\name_value_part.split("\="\)\,1
Environment.get_upload_dir(),1
compatibility,1
180,1
JSON.stringify(cached_data),1
this_sub_context,1
cb,1
\canvas.connectors.splice(indexes_array[i],\,1
naming4,1
\ctx.translate(+x,\,1
base_url),1
get_types_from_instance(instance_type),1
\resolve,\,1
\"\30px"\);\,1
y-axis,1
spt.table.last_table_size.x,1
\initialization,\,1
progressBar.style.width,1
\"\hidden"\);\,1
ORIGINAL,1
console.log(el.files);,1
search_code_list.append(code),1
\"\sthpw/wdg_settings"\,\,1
\'"\\,1
sobject.get_value('timestamp')[0:10],1
\my.server.set_config_definition(my.ticket,\,1
base_search_type,1
missed,1
compensate,1
(checkbox.checked,1
title_el.node_name;,1
assume,1
\protocol='',\,1
spt.pipeline.get_selected_nodes();,1
\spt.api.Utility.get_input_values(nav,null,false);\,1
\Applet.move_file(path,\,1
spt.dg_table.edit.widget,1
sobject.is_insert(),1
document.location.href;,1
4+i)%7,1
Pan,1
i++,1
catch(e),1
'hidden'),1
staticmethod(get),1
\activator.setStyle("\background"\,\,1
'check',1
Job,1
spt.table.unselect_row(row);,1
editor.resize();,1
values['project_stype'].slice(1);,1
\search_key_info.id,\,1
el.removeClass(css_active_name);,1
\build_naming(my,\,1
\NamingException("\Naming\,1
file_path),1
\naming_to_file(my,\,1
versionless=True),1
code.activestate.com/recipes/362879-watermark-with-pil/,1
outer,1
7*1.5,1
register_change(bvr);,1
ctx.restore();,1
\applet.copy_file(src,\,1
revise,1
element_name),1
\keys.append("\%s|||"\\,1
DOM,1
/%s/src/context/JSFL/render.jsfl',1
changed_timestamps,1
times,1
END,1
SPTDate.add_gmt_timezone(value),1
green,1
(!flag),1
config.toolbar_Full,1
indicate,1
peicewise,1
sample_name):,1
currently,1
(button,1
\console.log("\size:\,1
\is_insert,\,1
feature,1
\questionable,\,1
(snapshot_type),1
\spt.panel.load('main_body',\,1
cur_md5),1
\parts[0],\,1
area,1
\spt.panel.load_popup("\Widget\,1
element.get('rel'),1
(60*fps)),1
\'_',\,1
el.addClass(css_active_name);,1
state.width,1
restarted,1
sobjects[0],1
$('shelf_script');,1
First,1
SObjectFactory(Base):,1
\"\action_cbk:\,1
10;,1
window.open(url);,1
\blue,\,1
input.new_value;,1
view:,1
loaded!\\nId:,1
class_name:,1
sidebar,1
\made"\);\,1
\exist."\\,1
spt.behavior.clone(row);,1
abs(self.hours),1
MooTools,1
\not,\,1
\operations,\,1
data.end_date;,1
Stores,1
\el.getParent("\.spt_panel"\);\,1
gathering,1
Dynamically,1
\tmp_naming.get_value("\condition"\,\,1
spt.freeform.init(canvas);,1
data.get('code'):,1
X,1
SearchType.create(old_search_type),1
\queued"\;\,1
data.start_date;,1
head,1
\keys.append("\||%s|"\\,1
group's,1
paste,1
cells.length;,1
\search"\\,1
(instead,1
CustomLayoutWdg,1
(keeping,1
file_data:,1
datetime,1
\spt.app_busy.show("\Firing\,1
'display_handler':,1
single),1
console.log(e);,1
\spt.panel.load_popup("\Aggregate"\,\,1
'ShowBlocks'],1
8,1
main.appendChild(tmp);,1
cached_data,1
abs(self.microseconds),1
pipeline_code:,1
(60*60*fps),1
exprs:,1
origin.y+40);,1
drag_duration;,1
diff,1
(new_title),1
build_search_type,1
classmethod(extract_search_type),1
odforce.net/wiki/index.php/PythonToHoudini,1
\parent=None,\,1
getSize(),1
\spt.panel.refresh(history,\,1
4.0,1
\bvr.src_el.getParent("\.spt_cell_edit"\);\,1
ports,1
SPTDate.add_gmt_timezone(to_data),1
behavior:,1
\header.setStyle("\top"\,\,1
classmethod(get_by_search_keys),1
dat,1
\console.log("\Starting\,1
ctx.save();,1
visual,1
options['element_name'];,1
\"\/"\);\,1
\buffered,\,1
my,1
\Xml.set_attribute(node,"\to"\,to_data)\,1
green;,1
bvr2,1
\"\chr001_model_v004.0001.ext"\\,1
options=,1
nav_values,1
80,1
left_node,1
new_data[key],1
locally,1
locks,1
\IndexError,\,1
\['Styles','Format','FontSize'],\,1
2000),1
\alert("\No\,1
parser,1
spt.popup.open('create_project_wizard');,1
script_path),1
\input,\,1
center_y),1
\console.log("\evt:\,1
Commit,1
top_pos,1
\handoff"\,\,1
history,1
(!radios[0].checked,1
'_option'],1
len(search_type_parts),1
-1px;,1
\data.get("\id"\)\,1
\NamingException("\Value\,1
setTimeout,1
\alert("\Hit\,1
Go,1
\changed,\,1
\scroll(0,top_pos-20);\,1
data_rows,1
\set_config_definition(search_type,\,1
revert,1
\filename_mode='',file_types=[]):\,1
\context.putImageData(imgd,\,1
\isinstance(from_data,\,1
spt.path.get_basename(file_name);,1
search_id_list.append(int(id)),1
\confirm("\Pipeline\,1
single_search_type=True,1
classmethod(extract_id),1
new_data.items():,1
\bvr.src_el.getParent("\.spt_table_search"\);\,1
abs(self.minutes),1
\'Button',\,1
600px,1
content_view,1
convention''',1
\border="\0"\>\,1
separators:,1
'{project.code}/light'),1
\xp.eval(expr,\,1
values['new_name'].toLowerCase().replace(/,1
\..."\);\,1
app,1
SPTDate.add_gmt_timezone(from_data),1
change_log:,1
extract_project,1
\execute_python_script(script_path,\,1
pointer.getPosition();,1
[];,1
\my.set_widget_setting(my.ticket,\,1
vars=vars),1
top_el;,1
staticmethod(redo),1
-y);,1
name_value_pairs:,1
pointer_pos,1
search-tag,1
...</div>';,1
server.finish();,1
\sk.find("\&amp;"\)\,1
spt.pipeline.get_selected();,1
changed_on.get(name),1
\src,\,1
SObjectUndo:,1
inserted,1
data['id'],1
time.localtime()),1
python.org/sf/1447945,1
4+i+2-c+c//4)%7,1
wait,1
spt.tab.set_main_body_tab();,1
spt.toggle_show_hide(dialog);,1
\redo(node,\,1
drag_end,1
psyco.bind(SearchType.create),1
SearchType.create('config/naming'),1
\async,\,1
'pyasm.checkin.FileCheckin';,1
-200),1
\small,\,1
bvr2.options,1
Multi,1
'checkin_widget',1
\"\#FFF"\);\,1
bg,1
Take,1
menu,1
state.height);,1
%s/context/template/dsprojectinfo'%,1
\clone.setStyle("\background"\,\,1
pop,1
\+x,\,1
text,1
#value,1
\insert,\,1
background:,1
\filelist,\,1
infinite,1
\get_connected_sobject(src_sobject,\,1
options['project_stype'],1
cbs,1
config_xml,1
\extract_code(cls,\,1
'model2';,1
small,1
Displays,1
\data['num_days'],\,1
\"\datetime('now')"\]:\,1
document.createElement('element'),1
global:,1
os.path.splitext(base_name),1
repo_mode='client_repo'):,1
bvr.src_el.getParent('.spt_view_panel');,1
\optionally,\,1
console.log(interval);,1
\different,\,1
values;,1
[%s]'%search_key),1
comment,1
instantiating,1
2),1
naming_list,1
\keys.append("\%s|%s||"\\,1
Search(search_type),1
base_url,1
\"\\\n"\;\,1
expected.'),1
breakup_search_type,1
\data.get("\project"\)\,1
data.items():,1
kwargs['login'],1
\bvr.src_el.hasClass("\spt_side_bar_element"\))\,1
\table,\,1
40)%31,1
\Xml.set_attribute(sobject_node,"\action"\,"\delete"\)\,1
note_options,1
spt.gantt.colors,1
p,1
\console.log("\Calculating\,1
null;,1
'inline'),1
wish,1
(not,1
'both';,1
turning,1
\create_note(my,\,1
\Search("\sthpw/change_timestamp"\)\,1
\filename_mode,\,1
trick,1
\search_id.startswith("\'"\)\,1
\from.split("\/"\);\,1
assuming,1
canvas_pos,1
pos.y+size.y+bvr.offset.y+5);,1
click-off,1
\create(search_type,\,1
\bvr.src_el.setStyle("\width"\,\,1
__web_paths_dict__,1
a-b;},1
spt.get_absolute_offset(,1
evt.lengthComputable);,1
strange,1
Mac?,1
{'context':,1
Environment.get_security().get_login(),1
capability,1
Selection,1
violation,1
elsie.nci.nih.gov/pub/tz*.tar.gz,1
inputs[0];,1
\files_in_js[i].split("\/"\);\,1
server.upload(),1
staticmethod(log_undo_for_delete),1
margin-bottom:,1
];,1
\transaction,\,1
\"\spt_input_key"\\,1
evaluate,1
sit,1
SetupException('Single,1
files_in_js.length;,1
\spt.alert("\No\,1
\insert_multiple(my,\,1
additive,1
exception,1
$(bvr.dialog_id);,1
str(from_data),1
this:,1
supported,1
//this,1
till,1
\label.substr(0,6)\,1
Trash,1
0]:,1
#else:,1
(evt.loaded,1
\[-1,\,1
\"\5px"\);\,1
sobject.update_data,1
1);,1
pos.x,1
\build_by_sobject(cls,\,1
bvr._drop_source_bvr.src_el;,1
\bvr.src_el.setStyle("\min-height"\,\,1
\efficiency,\,1
seconds,1
pos.x),1
assign,1
style='padding:,1
organize,1
docs.python.org/ref/encodings.html,1
hidden_input,1
default_naming:,1
{ticket:,1
\kwargs,\,1
\DC=gb,DC=vo,DC=local',\,1
100*100,1
ctx.fillStyle,1
href,1
\container.setStyle("\overflow-y"\,\,1
\'tactic.ui.widget.CheckinWdg',\,1
build_by_sobject,1
tmp,1
shorter,1
TacticServerStub(setup=setup),1
(e.g,1
'cbjs_insert':,1
\%s]"\\,1
pyasm.application.common,1
e.__str__(),1
name_value_parts,1
{return,1
usually,1
\clone.setStyle('background',\,1
work??!!!!??,1
turns,1
\keys.append("\|%s||"\\,1
quotes,1
Connector,1
\data['colors'],\,1
bvr.view);,1
\top.getElement("\.spt_tab_header_top"\);\,1
\"\%0.5d"\\,1
Inserts,1
\Common.create_from_class_path(class_path,\,1
\header_top.getElements("\.spt_tab_header"\);\,1
\path.replace(bvr.sandbox_dir,\,1
internally,1
\visible,\,1
\function(a,b)\,1
mangled,1
values['copy_pipelines'][0],1
widget_html);,1
\#AAA"\);\,1
\'.spt_input',\,1
(NOTE:,1
\path.replace(/\\\\/g,\,1
get_by_search_key,1
Element,1
'''separate,1
console.log((evt.loaded,1
\search_key.find("\&amp;"\)\,1
red;,1
args;,1
choosing,1
data.width;,1
kwargs['element_attrs'],1
levels,1
regardless,1
console.log(spt.progress.get_path(),1
script_text;,1
Grid,1
bvr);,1
raises,1
\sk.replace("\&amp;"\,\,1
#sobject,1
\days"\);\,1
assumptions,1
\auto"\);\,1
\desired,\,1
bvr.src_el.parentNode;,1
user),1
here??,1
blue,1
hard-code,1
spt.progress.run_jobs({on_complete:,1
purposes,1
single_search_type,1
cached,1
nav_values);,1
is_xml,1
search_type_obj.get_class(),1
ctx.rotate(-Math.PI/2);,1
larger,1
170,1
spt.api.Utility.get_input_values(td);,1
version);,1
spt.pipeline.center_node(node);,1
\log_undo(sobject,\,1
document.createElement('config'),1
stop,1
note_options;,1
Command,1
New,1
spt.app_busy.show(,1
saved,1
new_view,1
\console.log("\offset_X\,1
stein.cshl.org/jade/distrib/docs/java.text.SimpleDateFormat.html,1
\SearchException("\Malformed\,1
all_contents;,1
\spt.scm.run("\login_user"\,\,1
\namings,\,1
staticmethod(create),1
sample_name,1
\spt.panel.refresh(tbody,\,1
dot,1
\sobjects,\,1
\menu_top.setStyle("\top"\,\,1
browse,1
ids,1
resizable,1
file/s,1
(context),1
referential,1
\popup.setStyle("\top"\,\,1
'datetime'],1
\Xml.get_attribute(node,"\prev_search_code"\)\,1
www.mail-archive.com/python-list@python.org/msg34223.html,1
naming:,1
code=%s],1
append,1
'timestamp',1
search_type_parts[0],1
keys:,1
\switched"\\,1
bvr.search_key;,1
\success,\,1
4-(8*c+13)//25+19*g+15)%30,1
async,1
new_rows.reverse();,1
no_exception=False,1
values[column,1
\bvr.src_el.getElement("\.spt_hidden_row_multi"\);\,1
relativeTo:,1
san-serif';,1
\get_connected_sobjects(src_sobject,\,1
timestamps,1
procsss/subcontext,1
is_revision=False),1
spt.show(el),1
x-axis,1
\"\0px"\);\,1
content_boxes,1
\mangled,\,1
level_key=None),1
mouse_411.curr_x,1
\(upload_dir,\,1
\search_key.split("\id="\,\,1
options.transfer_mode,1
bvr.cbk_values;,1
lose,1
\spt.popup.get_widget({},\,1
\"\.spt_property_title"\);\,1
'unittest/person'),1
filename_mode),1
schema_code,1
that's,1
\naming4.set_value('context',\,1
export,1
DatabaseImpl.get().get_database_type(),1
from_parts,1
opening,1
\"\Check-in\,1
\'TextField',\,1
eval_template,1
window.location.href=parts[0];,1
TacticServerStub(protocol='xmlrpc'),1
inconsistency,1
Drop,1
timeout,1
DO,1
el;,1
explicity,1
\Xml.set_attribute(node,"\from"\,value)\,1
spt.hide(dialog);,1
\context='anim',\,1
bvr.transfer_mode,1
form.getFormData();,1
COMMIT,1
\{},\,1
bvr2.args,1
progress,1
highest,1
\['','']\,1
manages,1
\spt.get_element(top,\,1
checkin_data[file_path],1
name_value_pair,1
\selected</div>"\;\,1
js,1
former,1
acutally,1
swatch,1
\"\<div\,1
'sthpw',1
Send,1
log_undo_for_delete(sobject):,1
\"\/"\\,1
_get_data,1
spt_input_value,1
repo_mode='client_repo'),1
drag_end.innerHTML,1
executing,1
top);,1
Restore,1
get_by_search_key(search_key):,1
spt.tab.header_pos.y,1
file/dir,1
connectors[0];,1
\set_config_definition(my,\,1
spt.table.smallest_size,1
Web,1
log.error(e);,1
<server>,1
\"\%"\);\,1
\"\sobject\,1
\path.split("\/"\);\,1
\embedded=true,\,1
\orange,\,1
\Xml.set_attribute(sobject_node,"\action"\,"\insert"\)\,1
taking,1
\'ImageButton',\,1
'tactic.ui.tools.WidgetEditorWdg';,1
\spt.table.add_hidden_row(row,\,1
popup_id:,1
\['Checkbox',\,1
important,1
Discovery,1
ctrl-ENTER,1
MissingTableException(TacticException):,1
\way,\,1
\panel.getElement("\.spt_custom_widget"\)\,1
class_name2,1
\custom,\,1
content_top,1
\hide_el.setStyle("\display"\,\,1
\"\pyasm.command.EditCmd"\;\,1
context_list.append(''),1
axes,1
\[True,'true',1,\,1
btn,1
tabs,1
toggles,1
staticmethod(log_undo),1
validations,1
\my.server.get_connected_sobject(my.ticket,\,1
\top.getElement("\.spt_checkin_context"\).value;\,1
They,1
result=None):,1
\Editor"\,\,1
\top.getElement("\.spt_chart"\);\,1
\top.getElement("\.spt_tab_content_top"\);\,1
purpose,1
plugin):,1
'model';,1
TacticException,1
\drag_duration.setStyle("\width"\,\,1
\spt.behavior.replace_inner_html(hidden_row,\,1
stats_msg;,1
Internal,1
user-defined,1
=='gantt'),1
search_code_list),1
search.set_show_retired(True),1
stackoverflow.com/questions/377017/test-if-executable-exists-in-python,1
\document.getElementsByTagName("\head"\)[0];\,1
opener,1
\"\]\,1
Extra,1
\get_connected_sobject(my,\,1
console.log(unityObject);,1
\"\ext"\:\,1
Date,1
fit,1
chosen,1
Plot,1
divs,1
login;,1
stuff,1
ctx.textBaseline,1
'''this,1
\['timestamp',\,1
\include_paths_dict=True,\,1
MissingColumnException(TacticException):,1
\"\@SOBJECT(sthpw/task['project_code','fickle3'].fickle3/cars.sthpw/sobject_list)"\\,1
\"\curr_left\,1
get_plugin_dir(plugin),1
head.appendChild(js_el);,1
listener,1
items.indexOf(reldir);,1
pos.x+bvr.offset.x);,1
bvr2.values,1
\x,\,1
(save_as_personal),1
SearchKey(object):,1
\"\DONE\,1
build_search_key,1
\width"\\,1
care,1
\'uploaded',\,1
%context),1
part''',1
\"\.spt_icon_chooser_top"\,\,1
matches,1
mitigate,1
search_type_obj.get_value(attr),1
Clears,1
plugin),1
\console.log("\Error:\,1
alignment,1
search_type_list.append(SearchKey.extract_search_type(sk)),1
undo(node):,1
\class_name2,\,1
\bvr.class_name,\,1
percent_diff,1
%m-%d-%Y,1
evt.x,1
'''creation,1
\spt.pipeline.set_size(state.width,\,1
\"\none"\);\,1
(count,1
\['NumberedList','BulletedList','-','Outdent','Indent','Blockquote','CreateDiv'],\,1
\get_by_search_keys(cls,\,1
reported,1
staticmethod(build_search_type),1
2nd,1
my.server.generate_ticket(my.ticket),1
commented,1
\"\ace/ace-0.2.0/src/ace-uncompressed.js"\,\,1
upload_stats.innerHTML,1
\"\|note"\;\,1
source_path=None):,1
spt.tab.set_tab_top_from_child(activator);,1
backout,1
has_color),1
\dialog.getElement("\.spt_popup_pointer"\);\,1
\"\new_folder"\\,1
start_date,1
southpawtech.com',1
firstChild,1
search_id_list),1
\"\basefile"\:\,1
(node.hasChildNodes()),1
\TacticServerStub(protocol=protocol,\,1
sub-views,1
double,1
rewind,1
\edit_wdg.getElements("\.spt_input"\);\,1
change_timestamp,1
\xhr.addEventListener("\abort"\,\,1
clicks,1
Importer,1
file_naming=''),1
//%s',1
data.offset;,1
\Xml.set_attribute(node,"\from"\,from_data)\,1
SearchException('Badly,1
\IE,\,1
get_by_sobjects,1
search_keys):,1
thru,1
[%s]..,1
\tab,\,1
\insert_multiple(data,\,1
target.hasClass('spt_popup'),1
\expr.split("\="\)\,1
\['Undo','Redo','-','Find','Replace'],\,1
\handoff_dir+"\/"\+filename);\,1
specifically,1
\spt.checkin.transfer_selected_paths("\copy"\);\,1
Record,1
single=False):,1
\top.getElement("\.spt_gantt_start"\);\,1
direct,1
\drop_on_el.getAttribute("\spt_view"\);\,1
td.getElement('.spt_uber_note_option');,1
clones,1
week,1
SearchType''',1
subcontex,1
\spt.gantt.fill_days(drag_duration,\,1
vars=vars):,1
size.x);,1
specifics,1
cancel,1
show_retired=True),1
context.find('/'),1
\['Bold','Italic','Underline','Strike','-','Subscript','Superscript'],\,1
loops,1
\drag_spacer.setStyle("\width"\,\,1
\bvr.src_el.getParent("\.spt_reports_top"\);\,1
\to.split("\/"\);\,1
\cell_to_edit.getAttribute("\spt_input_type"\);\,1
uncomment,1
dyanmically,1
undo''',1
\"\cn=Users"\)\,1
triggering,1
super,1
user=None):,1
\Otherwise,\,1
\set_widget_setting(my,\,1
generate_ticket(my):,1
height;,1
'popup_id',1
this.options['width'],1
bvr.panel,1
drawn,1
bvr.src_el.getPosition();,1
(spt.app_busy.is_cancelled(),1
stats,1
100-16-(y//100-16)//4,1
\//['Cut','Copy','Paste'],\,1
\console.log("\Cancelling:\,1
wraps,1
\Fx.Tween(add_note,{duration:"\short"\}).start('margin-top',\,1
\attr.startswith("\id"\):\,1
acts,1
\my.server.create(my.ticket,\,1
made,1
\bvr.src_el.setStyle("\overflow-y"\,\,1
spt.popup.close(top);,1
\"\)"\\,1
old_data.get(key),1
spt.pipeline.get_node_by_name(to);,1
situations,1
'sthpw/checkin_queue?code=123ABC';,1
16px,1
10px;,1
Value,1
transaction_ticket),1
www.twinsun.com/tz/tz-link.htm,1
\spt.table.add_columns(["\notes"\]);\,1
\ctx.translate(-x,\,1
\elements[i].getAttribute("\spt_element_name"\);\,1
false;,1
bvr.src_el.position(spt.plugin.start_pos);,1
values[element_name],1
connector_wdg.innerHTML,1
ENTER,1
exceptions,1
extract_database,1
impression,1
gives,1
ok,1
$(target),1
anymore,1
checkedin,1
center_y,1
staticmethod(get_by_search_key),1
11,1
\"\layout"\,\,1
\spt.dg_table._toggle_commit_btn($(this),\,1
old_data,1
\"\#7A7"\);\,1
effect,1
window.open(bvr.webdirname,1
drag_start.innerHTML,1
contained,1
\sobject.get_value("\id"\)\,1
\cn=users,DC=gb,DC=vo,DC=local'\,1
personal=False),1
\true,\,1
-1),1
(td.hasClass('spt_uber_notes')),1
alterations,1
www.velocityreviews.com/forums/t318840-add-empty-directory-using-zipfile.html,1
\unicode(from_data,\,1
(3px),1
\add_note.setStyle("\margin-top"\,\,1
\data.get("\db"\)\,1
'%(url)s';,1
\new_item.inject(top,\,1
\column='code',\,1
is_insert,1
3),1
space,1
/%s/src/context/JSFL/preprocess.jsfl',1
SearchKey.extract_id(sk),1
edit_wdgs,1
separators,1
(num_groups-1),1
'bottom');,1
gantt_values['gantt_data'];,1
\_get_timestamp(my,\,1
quotes:,1
unscaled,1
\my.server.insert_multiple(my.ticket,\,1
\Xml.get_attribute(node,\,1
\(row.hasClass("\spt_table_selected"\))\,1
e);,1
textarea,1
seems,1
spt.pipeline.get_el_position(canvas);,1
disables,1
base_dir,1
element_op,1
Player,1
\spt.table.add_columns(["\history"\]);\,1
detected.'),1
upper,1
len(new_data.keys()),1
\Search.get_by_id(search_type_list[0],\,1
generate_ticket(),1
think,1
Search(old_search_type),1
file_path;,1
clearInterval(id);,1
(search_type),1
classmethod(_get_data),1
simplified,1
spt.pipeline.get_node_by_name(left_search_type);,1
width);,1
recursively,1
\"\UTC_TIMESTAMP()"\]:\,1
scan,1
\"\move_to"\\,1
end.y)/2;,1
\build_search_key(cls,\,1
real_top,1
classmethod(get_by_sobject),1
\"\tactic.ui.app.aggregate_wdg.AggregateWdg"\,\,1
\search_expr.split("\&"\)\,1
\sans-serif"\;\,1
abs(self.seconds),1
\"\Wow"\;\,1
spt.simple_display_hide(element);,1
'search_id':,1
\"\0.2"\);\,1
specfied,1
actions,1
'mms';,1
\bvr.src_el.getParent("\.spt_tile_layout_top"\);\,1
\editAreaLoader.setValue("\shelf_script"\,\,1
data.drag_duration.innerHTML;,1
Is,1
handoff);,1
\attr.split("\,"\,\,1
50;,1
\extract_search_type(cls,\,1
\parsing,\,1
folder_state,1
'id']:,1
parents,1
\"\bold\,1
dy,1
\keys.append("\%s|%s|%s|"\\,1
name_value_parts:,1
config.appendChild(element);,1
Need,1
code.activestate.com/recipes/577504-compute-memory-footprint-of-an-object-and-its-cont/,1
mooRainbow,1
active,1
script_text,1
body.value,1
staticmethod(undo),1
\extract_database(cls,\,1
progress);,1
time.time(),1
origin.x-30;,1
pixel_diff,1
feedback,1
!radios[1].checked),1
print-setup,1
help,1
\parent.setStyle("\margin-right:\,1
\real_top.getElement("\.spt_file_selector"\);\,1
search_id:,1
header_top,1
single_search_type:,1
my._get_timestamp(snapshot),1
'copy_pipelines':,1
clicking,1
prev,1
\ext=None,\,1
\$("\shelf_script"\).value;\,1
\"\100%"\);\,1
server''',1
curr_top,1
Chrome,1
\bvr.editor_id,\,1
\edit_wdg.setStyle("\border"\,\,1
spt.dg_table.search_cbk(,1
'-1':,1
gantt_data,1
\extract_id(cls,\,1
combine,1
\redundant,\,1
\top.getElement("\.spt_gantt_duration"\);\,1
search_type''',1
use_id=use_id),1
'600px';,1
\one,\,1
\"\%Y%m%d"\\,1
design0023,1
These,1
context_list,1
deal,1
picker,1
script_text);,1
\checkin_type="\strict"\)\,1
classmethod(extract_code),1
spt.progress.get_handoff();,1
recreate,1
\['code',\,1
search.cpan.org/author/MUIR/Time-modules-2003.0211/lib/Time/ParseDate.pm,1
cont,1
\mode="\copy"\)\,1
spt.pipeline.import_schema(schema_code);,1
reassign,1
\reorder"\);\,1
www.tondering.dk/claus/calendar.html,1
\namespace,\,1
\|https://',\,1
int(search_id),1
sibling.firstChild.firstChild.firstChild;,1
@@@,1
(value,1
\search_key.split("\&"\,\,1
\console.log("\pos\,1
login=None),1
\is_left,\,1
\"\project_view"\,\,1
\spt.color.top.setStyle('z-index',\,1
increase,1
options;,1
\top.getElement("\.spt_gantt_spacer"\);\,1
breaks,1
spt.tab.getY(header_top);,1
waits,1
\dialog.setStyle("\top"\,\,1
\change,\,1
\['Source'],\,1
\'upperleft',\,1
\console.log("\job\,1
java,1
extract_base_search_type,1
\eval_template(template,\,1
\{date,%Y-%m-%d_%H-%M-%S]}\,1
(md5,1
midpoint,1
\search_code,\,1
\button.getParent("\.spt_checkin_top"\);\,1
bvr.hidden_row_color);,1
'project':,1
title:,1
el.value,1
x2,1
reordering,1
\["\login"\,\,1
aware,1
classmethod(extract_base_search_type),1
nicer,1
\"\\\nVersion:\,1
classmethod(extract_project),1
context_list.append('%s/*',1
is_sandbox,1
csv,1
\"\sthpw/sync_server"\,\,1
TacticServerStub(protocol=protocol),1
spt.pipeline.get_node_by_name(from);,1
\menu_top.setStyle("\left"\,\,1
Handle,1
zone,1
Disable,1
\"\SPT_RSW_CONTENT_BOX"\\,1
DG,1
split_key,1
indexes_array.length;,1
\my.get_widget_setting(my.ticket,\,1
Now,1
exprs,1
OLD,1
el;});,1
kwargs['auto_unique_name'],1
FROM,1
\"\.SPT_ICON_CHOOSER_WRAPPER_DIV"\\,1
Zoom,1
\search.add_filter("\search_code"\,\,1
9,1
''''API,1
\"\%"\;\,1
naming3.commit(),1
setable,1
load_tr.destroy();,1
\'.spt_gantt_data',\,1
trigger),1
dicts,1
\values,\,1
\"\top"\,\,1
Edit,1
\config_xml,\,1
'shot';,1
\get_plugin_dir(my,\,1
