File,Function,LOC,SLOC-P,SLOC-L,MVG,BLOC,C&SLOC,CLOC,CWORD
C:\Dropbox\PythonProject\Projects\tactic-4.0.0.rc02\3rd_party\CherryPy\cherrypy\lib\reprconf.py,dict.__repr__(self),1,1,1,0,0,0,0,0,
C:\Dropbox\PythonProject\Projects\tactic-4.0.0.rc02\3rd_party\CherryPy\cherrypy\test\sessiondemo.py,twodigit(d),1,1,1,0,0,0,0,0,
C:\Dropbox\PythonProject\Projects\tactic-4.0.0.rc02\3rd_party\CherryPy\cherrypy\test\sessiondemo.py,formattime(t),8,8,7,1,0,0,0,0,
C:\Dropbox\PythonProject\Projects\tactic-4.0.0.rc02\3rd_party\CherryPy\cherrypy\test\sessiondemo.py,interval(s),11,10,10,2,0,0,1,10,
C:\Dropbox\PythonProject\Projects\tactic-4.0.0.rc02\3rd_party\CherryPy\cherrypy\test\sessiondemo.py,init(),26,19,17,3,4,0,3,34,
C:\Dropbox\PythonProject\Projects\tactic-4.0.0.rc02\3rd_party\CherryPy\cherrypy\test\test_core.py,cls(),1,1,1,0,0,0,0,0,
C:\Dropbox\PythonProject\Projects\tactic-4.0.0.rc02\3rd_party\CherryPy\cherrypy\test\test_xmlrpc.py,"list(('here', 'is', 1, 'tuple')))         self.assertEqual(proxy.return_dict()",1,1,1,0,0,0,0,0,
C:\Dropbox\PythonProject\Projects\tactic-4.0.0.rc02\3rd_party\CherryPy-3.2.0rc1\cherrypy\lib\reprconf.py,dict.__repr__(self),1,1,1,0,0,0,0,0,
C:\Dropbox\PythonProject\Projects\tactic-4.0.0.rc02\3rd_party\CherryPy-3.2.0rc1\cherrypy\test\sessiondemo.py,twodigit(d),1,1,1,0,0,0,0,0,
C:\Dropbox\PythonProject\Projects\tactic-4.0.0.rc02\3rd_party\CherryPy-3.2.0rc1\cherrypy\test\sessiondemo.py,formattime(t),8,8,7,1,0,0,0,0,
C:\Dropbox\PythonProject\Projects\tactic-4.0.0.rc02\3rd_party\CherryPy-3.2.0rc1\cherrypy\test\sessiondemo.py,interval(s),11,10,10,2,0,0,1,10,
C:\Dropbox\PythonProject\Projects\tactic-4.0.0.rc02\3rd_party\CherryPy-3.2.0rc1\cherrypy\test\sessiondemo.py,init(),26,19,17,3,4,0,3,34,
C:\Dropbox\PythonProject\Projects\tactic-4.0.0.rc02\3rd_party\CherryPy-3.2.0rc1\cherrypy\test\test_core.py,cls(),1,1,1,0,0,0,0,0,
C:\Dropbox\PythonProject\Projects\tactic-4.0.0.rc02\3rd_party\CherryPy-3.2.0rc1\cherrypy\test\test_xmlrpc.py,"list(('here', 'is', 1, 'tuple')))         self.assertEqual(proxy.return_dict()",1,1,1,0,0,0,0,0,
C:\Dropbox\PythonProject\Projects\tactic-4.0.0.rc02\src\client\test\client_api_test.py,len(child.keys() ),1,1,1,0,0,0,0,0,
C:\Dropbox\PythonProject\Projects\tactic-4.0.0.rc02\src\client\test\client_api_test.py,"re.search(expected, path)",1,1,1,0,0,0,0,0,
C:\Dropbox\PythonProject\Projects\tactic-4.0.0.rc02\src\client\test\client_api_test.py,config_str.strip('\n'),10,8,4,0,2,0,0,0,
C:\Dropbox\PythonProject\Projects\tactic-4.0.0.rc02\src\mako\parsetree.py,m.group(1))                     else:                         if x:                             expr.append(repr(x),1,1,1,0,0,0,0,0,
C:\Dropbox\PythonProject\Projects\tactic-4.0.0.rc02\src\mako\_ast_util.py,"']')     visit_GeneratorExp = generator_visit('(', ')",1,1,1,0,0,0,0,0,
C:\Dropbox\PythonProject\Projects\tactic-4.0.0.rc02\src\pyasm\command\csv_import_cmd.py,id.strip(),1,1,1,0,0,0,0,0,
C:\Dropbox\PythonProject\Projects\tactic-4.0.0.rc02\src\pyasm\common\common.py,'''!@$%^&*(),1,1,1,0,0,0,0,0,
C:\Dropbox\PythonProject\Projects\tactic-4.0.0.rc02\src\pyasm\prod\service\api_xmlrpc.py,"%(search_key, context, version)",1,1,1,0,0,0,0,0,
C:\Dropbox\PythonProject\Projects\tactic-4.0.0.rc02\src\pyasm\prod\web\asset_history_wdg.py,"%(my.base_search_type, my.CB_NAME)",1,1,1,0,0,0,0,0,
C:\Dropbox\PythonProject\Projects\tactic-4.0.0.rc02\src\pyasm\prod\web\asset_loader_wdg.py,"SpanWdg(update_sel_button, css='small')",2,2,1,0,0,0,0,0,
C:\Dropbox\PythonProject\Projects\tactic-4.0.0.rc02\src\pyasm\search\search.py,"language='python'):         '''gets all the values for this sobject in a dictionary form, this mimics the one in API-XMLRPC'''           if not columns:             columns = SearchType.get_columns(my.get_search_type()",1,1,1,0,0,0,0,0,
C:\Dropbox\PythonProject\Projects\tactic-4.0.0.rc02\src\pyasm\security\security_test.py,test_string2)      def _test_access_level(my):         security = Environment.get_security()         from pyasm.security import get_security_version         security_version = get_security_version()           projects = Search.eval('@SOBJECT(sthpw/project),1,1,1,0,0,0,0,0,
C:\Dropbox\PythonProject\Projects\tactic-4.0.0.rc02\src\pyasm\widget\creator_wdg.py,"append_item(select_name, new_item, new_item_extra)",27,23,2,7,3,0,1,4,
C:\Dropbox\PythonProject\Projects\tactic-4.0.0.rc02\src\pyasm\widget\creator_wdg.py,drop_item(select_name),20,17,2,3,3,0,0,0,
C:\Dropbox\PythonProject\Projects\tactic-4.0.0.rc02\src\pyasm\widget\gantt_wdg.py,%(e_month*month_unit + (diff_day + 1)*day_unit),1,1,1,0,0,0,0,0,
C:\Dropbox\PythonProject\Projects\tactic-4.0.0.rc02\src\pyasm\widget\input_wdg.py,"%(my.UPLOAD_ID,my.name)",1,1,1,0,0,0,0,0,
C:\Dropbox\PythonProject\Projects\tactic-4.0.0.rc02\src\pyasm\widget\naming_wdg.py,"snapshot.version( ""%0.3d"" )",1,1,1,0,0,0,0,0,
C:\Dropbox\PythonProject\Projects\tactic-4.0.0.rc02\src\pyasm\widget\naming_wdg.py,"snapshot.revision( ""%0.3d"" )",1,1,1,0,0,0,0,0,
C:\Dropbox\PythonProject\Projects\tactic-4.0.0.rc02\src\pyasm\widget\naming_wdg.py,snapshot.search_type(without the project),1,1,1,0,0,0,0,0,
C:\Dropbox\PythonProject\Projects\tactic-4.0.0.rc02\src\pyasm\widget\parallel_status.py,"__hidden__=my.kwargs.get(""__hidden__"")",1,1,1,0,0,0,0,0,
C:\Dropbox\PythonProject\Projects\tactic-4.0.0.rc02\src\pyasm\widget\statistic_wdg.py,"show_task_cal(input_name, element, date_string, column, script )",4,4,3,0,0,0,0,0,
C:\Dropbox\PythonProject\Projects\tactic-4.0.0.rc02\src\pyasm\widget\statistic_wdg.py,%(e_month*month_unit + (diff_day + 1)*day_unit),1,1,1,0,0,0,0,0,
C:\Dropbox\PythonProject\Projects\tactic-4.0.0.rc02\src\pyasm\widget\web_wdg.py,"ProdIconSubmitWdg(""Submit"")",10,10,6,1,0,0,0,0,
C:\Dropbox\PythonProject\Projects\tactic-4.0.0.rc02\src\tactic\active_directory\active_directory.py,"kwargs)      self._property_map.update (dict( creationTime = convert_to_datetime, dSASignature = convert_to_hex, forceLogoff = convert_to_datetime, fSMORoleOwner = convert_to_object, lockoutDuration = convert_to_datetime, lockoutObservationWindow = convert_to_datetime, masteredBy = convert_to_objects, maxPwdAge = convert_to_datetime, minPwdAge = convert_to_datetime, modifiedCount = convert_to_datetime, modifiedCountAtLastProm = convert_to_datetime, objectSid = convert_to_sid, replUpToDateVector = convert_to_hex, repsFrom = convert_to_hex, repsTo = convert_to_hex, subRefs = convert_to_objects, wellKnownObjects = convert_to_objects )",7,7,1,0,0,0,0,0,
C:\Dropbox\PythonProject\Projects\tactic-4.0.0.rc02\src\tactic\ui\app\diagnostics_wdg.py,CheckboxWdg(),11,9,6,0,2,0,0,0,
C:\Dropbox\PythonProject\Projects\tactic-4.0.0.rc02\src\tactic\ui\app\diagnostics_wdg.py,CheckboxWdg(),22,19,14,2,3,0,0,0,
C:\Dropbox\PythonProject\Projects\tactic-4.0.0.rc02\src\tactic\ui\app\diagnostics_wdg.py,CheckboxWdg(),25,19,13,0,6,0,0,0,
C:\Dropbox\PythonProject\Projects\tactic-4.0.0.rc02\src\tactic\ui\app\help_wdg.py,function(view),2,2,2,0,0,0,0,0,
C:\Dropbox\PythonProject\Projects\tactic-4.0.0.rc02\src\tactic\ui\app\help_wdg.py,function(),2,2,2,1,0,0,0,0,
C:\Dropbox\PythonProject\Projects\tactic-4.0.0.rc02\src\tactic\ui\app\help_wdg.py,function(),2,2,3,0,0,0,0,0,
C:\Dropbox\PythonProject\Projects\tactic-4.0.0.rc02\src\tactic\ui\app\help_wdg.py,function(),3,3,3,0,0,0,0,0,
C:\Dropbox\PythonProject\Projects\tactic-4.0.0.rc02\src\tactic\ui\app\help_wdg.py,function(),3,3,3,0,0,0,0,0,
C:\Dropbox\PythonProject\Projects\tactic-4.0.0.rc02\src\tactic\ui\app\help_wdg.py,function(),8,8,6,3,0,0,0,0,
C:\Dropbox\PythonProject\Projects\tactic-4.0.0.rc02\src\tactic\ui\app\help_wdg.py,function(el),14,12,9,2,2,0,0,0,
C:\Dropbox\PythonProject\Projects\tactic-4.0.0.rc02\src\tactic\ui\app\help_wdg.py,function(),23,20,15,3,3,0,0,0,
C:\Dropbox\PythonProject\Projects\tactic-4.0.0.rc02\src\tactic\ui\app\help_wdg.py,function(),24,21,16,3,3,0,0,0,
C:\Dropbox\PythonProject\Projects\tactic-4.0.0.rc02\src\tactic\ui\app\help_wdg.py,function(html),15,12,9,1,3,0,0,0,
C:\Dropbox\PythonProject\Projects\tactic-4.0.0.rc02\src\tactic\ui\app\help_wdg.py,"function(alias, history)",45,31,25,6,13,0,1,1,
C:\Dropbox\PythonProject\Projects\tactic-4.0.0.rc02\src\tactic\ui\app\help_wdg.py,"function(rel_path, history)",40,29,23,5,10,0,1,1,
C:\Dropbox\PythonProject\Projects\tactic-4.0.0.rc02\src\tactic\ui\app\help_wdg.py,function(element_name),7,7,6,0,0,0,0,0,
C:\Dropbox\PythonProject\Projects\tactic-4.0.0.rc02\src\tactic\ui\app\page_header_wdg.py,"label=project.get_value(""title"")",6,6,2,0,0,0,0,0,
C:\Dropbox\PythonProject\Projects\tactic-4.0.0.rc02\src\tactic\ui\app\shelf_wdg.py,function(),2,2,1,0,0,0,0,0,
C:\Dropbox\PythonProject\Projects\tactic-4.0.0.rc02\src\tactic\ui\app\shelf_wdg.py,"function(evt, bvr)",58,46,36,6,9,0,3,8,
C:\Dropbox\PythonProject\Projects\tactic-4.0.0.rc02\src\tactic\ui\app\shelf_wdg.py,"function(evt, bvr)",56,41,35,4,10,0,5,16,
C:\Dropbox\PythonProject\Projects\tactic-4.0.0.rc02\src\tactic\ui\app\shelf_wdg.py,"%(width, height)",232,158,105,12,71,0,3,10,
C:\Dropbox\PythonProject\Projects\tactic-4.0.0.rc02\src\tactic\ui\app\system_info_wdg.py,"top):         top.add(DivWdg('Python Script Test', css='spt_info_title')",14,13,9,1,1,0,0,0,
C:\Dropbox\PythonProject\Projects\tactic-4.0.0.rc02\src\tactic\ui\app\system_info_wdg.py,"top):         top.add(DivWdg('Clear Side Bar Cache ', css='spt_info_title')",12,11,6,0,1,0,0,0,
C:\Dropbox\PythonProject\Projects\tactic-4.0.0.rc02\src\tactic\ui\app\system_info_wdg.py,Project.get_project_code(),27,23,12,2,3,0,1,5,
C:\Dropbox\PythonProject\Projects\tactic-4.0.0.rc02\src\tactic\ui\app\task_wdg.py,min_height)             v_div.add(HtmlElement.br(2),6,6,3,1,0,0,0,0,
C:\Dropbox\PythonProject\Projects\tactic-4.0.0.rc02\src\tactic\ui\cgapp\loader_element_wdg.py,"%(my.search_type, my.CB_NAME)",1,1,1,0,0,0,0,0,
C:\Dropbox\PythonProject\Projects\tactic-4.0.0.rc02\src\tactic\ui\chart\chart2_wdg.py,function(),2,2,2,1,0,0,0,0,
C:\Dropbox\PythonProject\Projects\tactic-4.0.0.rc02\src\tactic\ui\chart\chart2_wdg.py,function(),2,2,2,1,0,0,0,0,
C:\Dropbox\PythonProject\Projects\tactic-4.0.0.rc02\src\tactic\ui\chart\chart2_wdg.py,"function(x, y)",4,4,4,0,0,0,0,0,
C:\Dropbox\PythonProject\Projects\tactic-4.0.0.rc02\src\tactic\ui\chart\chart2_wdg.py,function(),3,3,3,1,0,0,0,0,
C:\Dropbox\PythonProject\Projects\tactic-4.0.0.rc02\src\tactic\ui\chart\chart2_wdg.py,function(),9,9,6,1,0,0,0,0,
C:\Dropbox\PythonProject\Projects\tactic-4.0.0.rc02\src\tactic\ui\chart\chart2_wdg.py,function(),9,9,6,1,0,0,0,0,
C:\Dropbox\PythonProject\Projects\tactic-4.0.0.rc02\src\tactic\ui\chart\chart2_wdg.py,"function(x, y)",7,7,4,1,0,0,0,0,
C:\Dropbox\PythonProject\Projects\tactic-4.0.0.rc02\src\tactic\ui\chart\chart2_wdg.py,function(),29,20,17,3,9,0,0,0,
C:\Dropbox\PythonProject\Projects\tactic-4.0.0.rc02\src\tactic\ui\chart\chart2_wdg.py,function(),5,4,4,1,0,0,1,4,
C:\Dropbox\PythonProject\Projects\tactic-4.0.0.rc02\src\tactic\ui\chart\chart2_wdg.py,"function(start, end, color)",11,9,9,0,2,0,0,0,
C:\Dropbox\PythonProject\Projects\tactic-4.0.0.rc02\src\tactic\ui\chart\chart2_wdg.py,"function(start, end, color)",18,14,14,0,4,0,0,0,
C:\Dropbox\PythonProject\Projects\tactic-4.0.0.rc02\src\tactic\ui\chart\chart2_wdg.py,"function(pos, index, color, width)",24,19,18,1,5,0,0,0,
C:\Dropbox\PythonProject\Projects\tactic-4.0.0.rc02\src\tactic\ui\chart\chart2_wdg.py,"function(x, y, size, color)",10,8,8,0,2,0,0,0,
C:\Dropbox\PythonProject\Projects\tactic-4.0.0.rc02\src\tactic\ui\checkin\scm_dir_list_wdg.py,button.get_arrow_wdg(),1,1,1,0,0,0,0,0,
C:\Dropbox\PythonProject\Projects\tactic-4.0.0.rc02\src\tactic\ui\checkin\scm_dir_list_wdg.py,button.get_button_wdg(),1,1,1,0,0,0,0,0,
C:\Dropbox\PythonProject\Projects\tactic-4.0.0.rc02\src\tactic\ui\checkin\scm_dir_list_wdg.py,function(),78,60,44,10,13,0,5,17,
C:\Dropbox\PythonProject\Projects\tactic-4.0.0.rc02\src\tactic\ui\checkin\scm_dir_list_wdg.py,"function(method, args)",28,25,20,4,3,1,0,4,
C:\Dropbox\PythonProject\Projects\tactic-4.0.0.rc02\src\tactic\ui\checkin\scm_dir_list_wdg.py,function(info),12,10,9,1,1,0,1,1,
C:\Dropbox\PythonProject\Projects\tactic-4.0.0.rc02\src\tactic\ui\checkin\scm_dir_list_wdg.py,function(password),4,3,1,0,0,0,1,3,
C:\Dropbox\PythonProject\Projects\tactic-4.0.0.rc02\src\tactic\ui\checkin\scm_dir_list_wdg.py,function(),2,2,2,1,0,0,0,0,
C:\Dropbox\PythonProject\Projects\tactic-4.0.0.rc02\src\tactic\ui\checkin\scm_dir_list_wdg.py,function(el),10,10,9,1,0,0,0,0,
C:\Dropbox\PythonProject\Projects\tactic-4.0.0.rc02\src\tactic\ui\checkin\scm_dir_list_wdg.py,function(sync_path),2,2,2,1,0,0,0,0,
C:\Dropbox\PythonProject\Projects\tactic-4.0.0.rc02\src\tactic\ui\checkin\scm_dir_list_wdg.py,function(repo_dir),2,2,2,1,0,0,0,0,
C:\Dropbox\PythonProject\Projects\tactic-4.0.0.rc02\src\tactic\ui\checkin\scm_dir_list_wdg.py,"function(paths, description)",2,2,2,1,0,0,0,0,
C:\Dropbox\PythonProject\Projects\tactic-4.0.0.rc02\src\tactic\ui\checkin\scm_dir_list_wdg.py,function(path),2,2,2,1,0,0,0,0,
C:\Dropbox\PythonProject\Projects\tactic-4.0.0.rc02\src\tactic\ui\checkin\scm_dir_list_wdg.py,"function(path, changeset)",2,2,2,1,0,0,0,0,
C:\Dropbox\PythonProject\Projects\tactic-4.0.0.rc02\src\tactic\ui\checkin\scm_dir_list_wdg.py,function(path),2,2,2,1,0,0,0,0,
C:\Dropbox\PythonProject\Projects\tactic-4.0.0.rc02\src\tactic\ui\checkin\scm_dir_list_wdg.py,function(path),2,2,2,1,0,0,0,0,
C:\Dropbox\PythonProject\Projects\tactic-4.0.0.rc02\src\tactic\ui\checkin\scm_dir_list_wdg.py,function(path),2,2,2,1,0,0,0,0,
C:\Dropbox\PythonProject\Projects\tactic-4.0.0.rc02\src\tactic\ui\checkin\workspace_wdg.py,"name)             if name == workspace:                 radio.set_checked()               table.add_cell(name)             table.add_cell(c.get(""Description""))             table.add_cell(c.get(""Owner""))             table.add_cell(c.get(""Root"")",22,17,10,0,5,0,0,0,
C:\Dropbox\PythonProject\Projects\tactic-4.0.0.rc02\src\tactic\ui\container\dialog_wdg.py,"IconWdg(""Close"", IconWdg.POPUP_WIN_CLOSE)",3,3,1,0,0,0,0,0,
C:\Dropbox\PythonProject\Projects\tactic-4.0.0.rc02\src\tactic\ui\container\dialog_wdg.py,"IconWdg(""Anchor Dialog"", IconWdg.POPUP_ANCHOR)",14,14,9,1,0,0,0,0,
C:\Dropbox\PythonProject\Projects\tactic-4.0.0.rc02\src\tactic\ui\container\menu_wdg.py,evt.page.y);                  if (Math.abs(diff),2,2,2,0,0,0,0,0,
C:\Dropbox\PythonProject\Projects\tactic-4.0.0.rc02\src\tactic\ui\container\popup_wdg.py,"IconWdg(""Close"", IconWdg.POPUP_WIN_CLOSE)",3,3,1,0,0,0,0,0,
C:\Dropbox\PythonProject\Projects\tactic-4.0.0.rc02\src\tactic\ui\container\popup_wdg.py,"IconWdg(""Minimize"", IconWdg.POPUP_WIN_MINIMIZE)",3,3,1,0,0,0,0,0,
C:\Dropbox\PythonProject\Projects\tactic-4.0.0.rc02\src\tactic\ui\container\popup_wdg.py,function( start_el ),6,5,4,3,1,0,0,0,
C:\Dropbox\PythonProject\Projects\tactic-4.0.0.rc02\src\tactic\ui\container\popup_wdg.py,function( z_start_str ),45,37,31,6,8,0,0,0,
C:\Dropbox\PythonProject\Projects\tactic-4.0.0.rc02\src\tactic\ui\container\popup_wdg.py,"function( evt, bvr, mouse_411 )",3,3,3,1,0,1,0,2,
C:\Dropbox\PythonProject\Projects\tactic-4.0.0.rc02\src\tactic\ui\container\popup_wdg.py,function( target ),13,10,9,2,3,0,0,0,
C:\Dropbox\PythonProject\Projects\tactic-4.0.0.rc02\src\tactic\ui\container\popup_wdg.py,"function( popup_el_or_id, fn_name, suppress_errors )",30,27,18,11,3,0,0,0,
C:\Dropbox\PythonProject\Projects\tactic-4.0.0.rc02\src\tactic\ui\container\popup_wdg.py,"function( popup_el_or_id, use_safe_position )",18,12,11,2,5,0,1,1,
C:\Dropbox\PythonProject\Projects\tactic-4.0.0.rc02\src\tactic\ui\container\popup_wdg.py,function( popup_el_or_id ),14,9,8,2,5,0,0,0,
C:\Dropbox\PythonProject\Projects\tactic-4.0.0.rc02\src\tactic\ui\container\popup_wdg.py,"function( popup_el_or_id, use_safe_position )",10,9,8,2,1,0,0,0,
C:\Dropbox\PythonProject\Projects\tactic-4.0.0.rc02\src\tactic\ui\container\popup_wdg.py,function( popup_el_or_id ),8,8,6,1,0,0,0,0,
C:\Dropbox\PythonProject\Projects\tactic-4.0.0.rc02\src\tactic\ui\container\popup_wdg.py,"function( popup, use_safe_position )",57,38,33,5,12,0,7,29,
C:\Dropbox\PythonProject\Projects\tactic-4.0.0.rc02\src\tactic\ui\container\popup_wdg.py,function( popup_el_or_id ),5,4,4,0,1,0,0,0,
C:\Dropbox\PythonProject\Projects\tactic-4.0.0.rc02\src\tactic\ui\container\popup_wdg.py,"function( evt, bvr )",158,113,95,20,27,0,18,156,
C:\Dropbox\PythonProject\Projects\tactic-4.0.0.rc02\src\tactic\ui\container\popup_wdg.py,function(),4,4,4,0,0,0,0,0,
C:\Dropbox\PythonProject\Projects\tactic-4.0.0.rc02\src\tactic\ui\container\popup_wdg.py,function(),4,4,4,0,0,0,0,0,
C:\Dropbox\PythonProject\Projects\tactic-4.0.0.rc02\src\tactic\ui\container\popup_wdg.py,function( popup_el ),29,9,6,2,3,0,17,48,
C:\Dropbox\PythonProject\Projects\tactic-4.0.0.rc02\src\tactic\ui\container\popup_wdg.py,function( popup_el ),20,2,2,0,1,0,17,48,
C:\Dropbox\PythonProject\Projects\tactic-4.0.0.rc02\src\tactic\ui\container\popup_wdg.py,function( src_el ),9,8,6,5,1,0,0,0,
C:\Dropbox\PythonProject\Projects\tactic-4.0.0.rc02\src\tactic\ui\container\popup_wdg.py,function( src_el ),2,2,2,0,0,0,0,0,
C:\Dropbox\PythonProject\Projects\tactic-4.0.0.rc02\src\tactic\ui\container\popup_wdg.py,function( target ),44,25,16,7,4,1,15,149,
C:\Dropbox\PythonProject\Projects\tactic-4.0.0.rc02\src\tactic\ui\container\popup_wdg.py,function( evt ),5,4,3,1,1,0,0,0,
C:\Dropbox\PythonProject\Projects\tactic-4.0.0.rc02\src\tactic\ui\container\popup_wdg.py,"function( popup, class_tag )",8,8,6,1,0,0,0,0,
C:\Dropbox\PythonProject\Projects\tactic-4.0.0.rc02\src\tactic\ui\container\popup_wdg.py,"function( el, title, popup_predisplay_fn, class_search_str )",44,28,21,6,10,0,6,59,
C:\Dropbox\PythonProject\Projects\tactic-4.0.0.rc02\src\tactic\ui\container\popup_wdg.py,"function(evt, bvr, mouse_411)",8,5,6,0,3,0,0,0,
C:\Dropbox\PythonProject\Projects\tactic-4.0.0.rc02\src\tactic\ui\container\popup_wdg.py,"function(evt, bvr, mouse_411)",9,6,7,0,3,0,0,0,
C:\Dropbox\PythonProject\Projects\tactic-4.0.0.rc02\src\tactic\ui\container\pop_window_wdg.py,my.set_style( ' '.join( content_styles ) ),3,3,1,0,0,0,0,0,
C:\Dropbox\PythonProject\Projects\tactic-4.0.0.rc02\src\tactic\ui\container\pop_window_wdg.py,"my.set_style(""float: left; width: %spx; "" \ ""height: %spx;"" % (resize_sz, border_adj_in_ch))",1,1,1,0,0,0,0,0,
C:\Dropbox\PythonProject\Projects\tactic-4.0.0.rc02\src\tactic\ui\container\pop_window_wdg.py,"my.set_style(""float: left; width: %spx; "" \ ""height: %spx;"" % (in_cw, resize_sz))",1,1,1,0,0,0,0,0,
C:\Dropbox\PythonProject\Projects\tactic-4.0.0.rc02\src\tactic\ui\container\pop_window_wdg.py,"my.set_style(""background-color: black; float: left; "" \ ""overflow: hidden; position: relative; "" \ ""width: %spx; height: %spx;"" % (resize_sz, resize_sz))",29,24,3,1,5,0,0,0,
C:\Dropbox\PythonProject\Projects\tactic-4.0.0.rc02\src\tactic\ui\container\pop_window_wdg.py,"function( activating_el, dx, dy )",107,92,72,22,15,0,0,0,
C:\Dropbox\PythonProject\Projects\tactic-4.0.0.rc02\src\tactic\ui\container\pop_window_wdg.py,"function( evt, bvr, mouse_411 )",5,4,4,0,1,0,0,0,
C:\Dropbox\PythonProject\Projects\tactic-4.0.0.rc02\src\tactic\ui\container\pop_window_wdg.py,"function( evt, bvr, mouse_411 )",2,2,2,0,0,0,0,0,
C:\Dropbox\PythonProject\Projects\tactic-4.0.0.rc02\src\tactic\ui\container\pop_window_wdg.py,"function( evt, bvr, mouse_411 )",5,4,4,0,1,0,0,0,
C:\Dropbox\PythonProject\Projects\tactic-4.0.0.rc02\src\tactic\ui\container\pop_window_wdg.py,"function( evt, bvr, mouse_411 )",2,2,2,0,0,0,0,0,
C:\Dropbox\PythonProject\Projects\tactic-4.0.0.rc02\src\tactic\ui\container\pop_window_wdg.py,"function( evt, bvr, mouse_411 )",5,4,4,0,1,0,0,0,
C:\Dropbox\PythonProject\Projects\tactic-4.0.0.rc02\src\tactic\ui\container\pop_window_wdg.py,"function( evt, bvr, mouse_411 )",2,2,2,0,0,0,0,0,
C:\Dropbox\PythonProject\Projects\tactic-4.0.0.rc02\src\tactic\ui\container\pop_window_wdg.py,"function( evt, bvr, mouse_411 )",28,20,19,3,6,0,2,18,
C:\Dropbox\PythonProject\Projects\tactic-4.0.0.rc02\src\tactic\ui\container\pop_window_wdg.py,"function( evt, bvr, mouse_411 )",28,20,19,3,6,0,2,18,
C:\Dropbox\PythonProject\Projects\tactic-4.0.0.rc02\src\tactic\ui\container\pop_window_wdg.py,function( activating_el ),22,16,13,1,4,0,2,12,
C:\Dropbox\PythonProject\Projects\tactic-4.0.0.rc02\src\tactic\ui\container\pop_window_wdg.py,function( activating_el ),27,19,15,2,5,0,3,20,
C:\Dropbox\PythonProject\Projects\tactic-4.0.0.rc02\src\tactic\ui\container\pop_window_wdg.py,function( activating_el ),3,3,3,0,0,0,0,0,
C:\Dropbox\PythonProject\Projects\tactic-4.0.0.rc02\src\tactic\ui\container\pop_window_wdg.py,function( activating_el ),146,129,97,24,13,0,4,16,
C:\Dropbox\PythonProject\Projects\tactic-4.0.0.rc02\src\tactic\ui\container\pop_window_wdg.py,"function( rsw_top_el, DX_or_DY, size_adj )",15,14,11,3,1,0,0,0,
C:\Dropbox\PythonProject\Projects\tactic-4.0.0.rc02\src\tactic\ui\container\pop_window_wdg.py,"function( evt, bvr, mouse_411 )",25,20,18,4,5,1,0,11,
C:\Dropbox\PythonProject\Projects\tactic-4.0.0.rc02\src\tactic\ui\container\resizable_table_wdg.py,"function( evt, bvr, mouse_411)",17,13,13,0,4,0,0,0,
C:\Dropbox\PythonProject\Projects\tactic-4.0.0.rc02\src\tactic\ui\container\resizable_table_wdg.py,"function( evt, bvr, mouse_411)",38,30,23,5,7,0,1,4,
C:\Dropbox\PythonProject\Projects\tactic-4.0.0.rc02\src\tactic\ui\container\resizable_table_wdg.py,"function( evt, bvr, mouse_411)",14,10,10,0,4,0,0,0,
C:\Dropbox\PythonProject\Projects\tactic-4.0.0.rc02\src\tactic\ui\container\resizable_table_wdg.py,"function( evt, bvr, mouse_411)",25,19,16,2,5,0,1,4,
C:\Dropbox\PythonProject\Projects\tactic-4.0.0.rc02\src\tactic\ui\container\smart_menu_wdg.py,opt.get('enabled_check_setup_key'),2,2,1,0,0,0,0,0,
C:\Dropbox\PythonProject\Projects\tactic-4.0.0.rc02\src\tactic\ui\container\tab_wdg.py,function(),3,3,3,1,0,0,0,0,
C:\Dropbox\PythonProject\Projects\tactic-4.0.0.rc02\src\tactic\ui\container\tab_wdg.py,function(),2,2,2,0,0,0,0,0,
C:\Dropbox\PythonProject\Projects\tactic-4.0.0.rc02\src\tactic\ui\container\tab_wdg.py,function( tab_top ),7,6,5,2,0,0,1,12,
C:\Dropbox\PythonProject\Projects\tactic-4.0.0.rc02\src\tactic\ui\container\tab_wdg.py,function( el ),7,6,5,2,0,0,1,12,
C:\Dropbox\PythonProject\Projects\tactic-4.0.0.rc02\src\tactic\ui\container\tab_wdg.py,function(),19,14,12,3,4,0,1,2,
C:\Dropbox\PythonProject\Projects\tactic-4.0.0.rc02\src\tactic\ui\container\tab_wdg.py,function(name),10,10,8,4,0,0,0,0,
C:\Dropbox\PythonProject\Projects\tactic-4.0.0.rc02\src\tactic\ui\container\tab_wdg.py,function(),25,17,14,4,6,0,2,12,
C:\Dropbox\PythonProject\Projects\tactic-4.0.0.rc02\src\tactic\ui\container\tab_wdg.py,"function(element_name, name, value)",19,16,15,1,3,0,0,0,
C:\Dropbox\PythonProject\Projects\tactic-4.0.0.rc02\src\tactic\ui\container\tab_wdg.py,"function(element_name, title, class_name, kwargs, values)",125,95,78,18,20,0,10,41,
C:\Dropbox\PythonProject\Projects\tactic-4.0.0.rc02\src\tactic\ui\container\tab_wdg.py,function(oElement),7,7,6,2,0,0,0,0,
C:\Dropbox\PythonProject\Projects\tactic-4.0.0.rc02\src\tactic\ui\container\tab_wdg.py,"function(element_name, title, class_name, kwargs, values)",41,30,24,5,8,0,3,16,
C:\Dropbox\PythonProject\Projects\tactic-4.0.0.rc02\src\tactic\ui\container\tab_wdg.py,"function(element_name, node)",22,17,12,5,5,0,0,0,
C:\Dropbox\PythonProject\Projects\tactic-4.0.0.rc02\src\tactic\ui\container\tab_wdg.py,"function(element_name, html)",12,11,8,2,1,0,0,0,
C:\Dropbox\PythonProject\Projects\tactic-4.0.0.rc02\src\tactic\ui\container\tab_wdg.py,function(element_name),72,56,43,10,15,0,1,14,
C:\Dropbox\PythonProject\Projects\tactic-4.0.0.rc02\src\tactic\ui\container\tab_wdg.py,"function(header, class_name, kwargs, values, force)",102,76,63,12,22,0,4,29,
C:\Dropbox\PythonProject\Projects\tactic-4.0.0.rc02\src\tactic\ui\container\tab_wdg.py,function(),18,16,15,1,2,0,0,0,
C:\Dropbox\PythonProject\Projects\tactic-4.0.0.rc02\src\tactic\ui\container\tab_wdg.py,function(),12,11,9,4,1,0,0,0,
C:\Dropbox\PythonProject\Projects\tactic-4.0.0.rc02\src\tactic\ui\container\tab_wdg.py,function(),7,7,6,3,0,0,0,0,
C:\Dropbox\PythonProject\Projects\tactic-4.0.0.rc02\src\tactic\ui\container\tab_wdg.py,function(),3,3,3,1,0,0,0,0,
C:\Dropbox\PythonProject\Projects\tactic-4.0.0.rc02\src\tactic\ui\container\tab_wdg.py,function(),43,37,27,2,6,0,0,0,
C:\Dropbox\PythonProject\Projects\tactic-4.0.0.rc02\src\tactic\ui\container\tab_wdg.py,"function( evt, bvr, mouse_411)",7,7,8,0,0,0,0,0,
C:\Dropbox\PythonProject\Projects\tactic-4.0.0.rc02\src\tactic\ui\container\tab_wdg.py,"function( evt, bvr, mouse_411)",15,11,10,1,2,0,2,9,
C:\Dropbox\PythonProject\Projects\tactic-4.0.0.rc02\src\tactic\ui\container\tab_wdg.py,"function( evt, bvr, mouse_411)",32,24,20,6,8,0,0,0,
C:\Dropbox\PythonProject\Projects\tactic-4.0.0.rc02\src\tactic\ui\examples\efficient_table_example_wdg.py,str(c),13,10,3,0,0,0,3,23,
C:\Dropbox\PythonProject\Projects\tactic-4.0.0.rc02\src\tactic\ui\input\process_context_wdg.py,my.get_name(),2,2,1,0,0,0,0,0,
C:\Dropbox\PythonProject\Projects\tactic-4.0.0.rc02\src\tactic\ui\manager\element_definition_wdg.py,"values)                 if value:                     edit_wdg.set_value(value)              elif widget_type == 'TextAreaWdg':                 edit_wdg = TextAreaWdg(name)                 if value:                     edit_wdg.set_value(value)                 edit_wdg.add_attr(""cols"", ""60"")                 edit_wdg.add_attr(""rows"", ""3"")              elif widget_type == 'CheckboxWdg':                 edit_wdg = CheckboxWdg(name)                 if value:                     edit_wdg.set_checked()                 edit_wdg.set_option(""value"", ""true"")              elif widget_type == 'IconSelectWdg':                 from tactic.ui.input import IconSelectWdg                 edit_wdg = IconSelectWdg(name)              elif widget_type == 'TextWdg':                 edit_wdg = TextWdg(name)                 if value:                     edit_wdg.set_value(value)                 edit_wdg.add_style(""width: 250px"")              elif widget_type == 'CalendarInputWdg':                 cal_wdg = CalendarInputWdg(name)                  cal_wdg.set_option('show_activator','true')                 if value:                     cal_wdg.set_value(value)                 edit_wdg = DivWdg(cal_wdg)                 edit_wdg.add(HtmlElement.br()",5,5,1,0,0,0,0,0,
C:\Dropbox\PythonProject\Projects\tactic-4.0.0.rc02\src\tactic\ui\panel\base_table_layout_wdg.py,Item(in Page),16,16,10,1,0,0,0,0,
C:\Dropbox\PythonProject\Projects\tactic-4.0.0.rc02\src\tactic\ui\panel\base_table_layout_wdg.py,Item(Form),16,16,7,0,0,0,0,0,
C:\Dropbox\PythonProject\Projects\tactic-4.0.0.rc02\src\tactic\ui\panel\base_table_layout_wdg.py,Items(NA),4,4,1,0,0,0,0,0,
C:\Dropbox\PythonProject\Projects\tactic-4.0.0.rc02\src\tactic\ui\panel\base_table_layout_wdg.py,button.get_arrow_wdg(),1,1,1,0,0,0,0,0,
C:\Dropbox\PythonProject\Projects\tactic-4.0.0.rc02\src\tactic\ui\panel\base_table_layout_wdg.py,button.get_button_wdg(),1,1,1,0,0,0,0,0,
C:\Dropbox\PythonProject\Projects\tactic-4.0.0.rc02\src\tactic\ui\panel\base_table_layout_wdg.py,button.get_arrow_wdg(),1,1,1,0,0,0,0,0,
C:\Dropbox\PythonProject\Projects\tactic-4.0.0.rc02\src\tactic\ui\panel\edit_wdg.py,"function( evt, bvr )",87,63,60,9,16,0,8,37,
C:\Dropbox\PythonProject\Projects\tactic-4.0.0.rc02\src\tactic\ui\panel\manage_view_panel_wdg.py,action_button.get_button_wdg(),1,1,1,0,0,0,0,0,
C:\Dropbox\PythonProject\Projects\tactic-4.0.0.rc02\src\tactic\ui\panel\manage_view_panel_wdg.py,''')         scripts.append(select.get_save_script(),1,1,1,0,0,0,0,0,
C:\Dropbox\PythonProject\Projects\tactic-4.0.0.rc02\src\tactic\ui\panel\manage_view_panel_wdg.py,"display_wdg )           if mode != ""advanced"":             simple_wdg.add_style(""display"", ""block"")             display_wdg.add_style(""display"", ""block"")             advanced_wdg.add_style(""display"", ""none"")         else:             simple_wdg.add_style(""display"", ""none"")             display_wdg.add_style(""display"", ""none"")             advanced_wdg.add_style(""display"", ""block"")          detail_wdg.add(HtmlElement.br(1)",3,3,1,0,0,0,0,0,
C:\Dropbox\PythonProject\Projects\tactic-4.0.0.rc02\src\tactic\ui\panel\manage_view_panel_wdg.py,"IconWdg.get_icon_path(""TRANSPARENT"")",18,15,12,2,1,0,2,11,
C:\Dropbox\PythonProject\Projects\tactic-4.0.0.rc02\src\tactic\ui\panel\panel_wdg.py,"function(evt, bvr)",19,11,10,0,7,0,1,8,
C:\Dropbox\PythonProject\Projects\tactic-4.0.0.rc02\src\tactic\ui\panel\panel_wdg.py,"function(evt, bvr)",9,7,7,0,2,0,0,0,
C:\Dropbox\PythonProject\Projects\tactic-4.0.0.rc02\src\tactic\ui\panel\panel_wdg.py,"function(target_id, title, options, values, is_popup)",21,12,10,2,3,0,6,28,
C:\Dropbox\PythonProject\Projects\tactic-4.0.0.rc02\src\tactic\ui\panel\panel_wdg.py,"function(target_id, title, options, values, is_popup)",55,37,30,4,10,0,8,34,
C:\Dropbox\PythonProject\Projects\tactic-4.0.0.rc02\src\tactic\ui\panel\panel_wdg.py,"function(target_id, title, options, values, is_popup)",109,64,52,4,32,0,13,67,
C:\Dropbox\PythonProject\Projects\tactic-4.0.0.rc02\src\tactic\ui\panel\panel_wdg.py,"function(evt, bvr)",21,20,16,2,1,0,0,0,
C:\Dropbox\PythonProject\Projects\tactic-4.0.0.rc02\src\tactic\ui\panel\panel_wdg.py,"function(evt, bvr)",34,22,18,2,10,0,2,13,
C:\Dropbox\PythonProject\Projects\tactic-4.0.0.rc02\src\tactic\ui\panel\panel_wdg.py,function(),5,5,4,2,0,0,0,0,
C:\Dropbox\PythonProject\Projects\tactic-4.0.0.rc02\src\tactic\ui\panel\panel_wdg.py,function(),15,12,10,2,3,0,0,0,
C:\Dropbox\PythonProject\Projects\tactic-4.0.0.rc02\src\tactic\ui\panel\panel_wdg.py,function(),37,31,26,5,5,0,1,15,
C:\Dropbox\PythonProject\Projects\tactic-4.0.0.rc02\src\tactic\ui\panel\panel_wdg.py,"function(element, view, is_personal)",230,171,154,16,31,0,28,183,
C:\Dropbox\PythonProject\Projects\tactic-4.0.0.rc02\src\tactic\ui\panel\panel_wdg.py,"function(search_type, view, is_personal, list_top)",39,29,23,5,6,0,4,21,
C:\Dropbox\PythonProject\Projects\tactic-4.0.0.rc02\src\tactic\ui\panel\panel_wdg.py,"function(view, list_id)",46,36,27,12,6,0,4,23,
C:\Dropbox\PythonProject\Projects\tactic-4.0.0.rc02\src\tactic\ui\panel\panel_wdg.py,"function(evt, bvr, mouse_411)",43,24,20,2,6,0,13,107,
C:\Dropbox\PythonProject\Projects\tactic-4.0.0.rc02\src\tactic\ui\panel\panel_wdg.py,"function(evt, bvr, mouse_411)",17,16,10,3,0,0,1,8,
C:\Dropbox\PythonProject\Projects\tactic-4.0.0.rc02\src\tactic\ui\panel\panel_wdg.py,"function(evt, bvr)",16,14,10,6,1,0,1,5,
C:\Dropbox\PythonProject\Projects\tactic-4.0.0.rc02\src\tactic\ui\panel\panel_wdg.py,function(drop_on_el),7,7,5,3,0,0,0,0,
C:\Dropbox\PythonProject\Projects\tactic-4.0.0.rc02\src\tactic\ui\panel\panel_wdg.py,"function(evt, bvr)",183,134,102,22,28,0,21,143,
C:\Dropbox\PythonProject\Projects\tactic-4.0.0.rc02\src\tactic\ui\panel\panel_wdg.py,"function(action, view, is_personal)",29,17,13,3,4,0,8,14,
C:\Dropbox\PythonProject\Projects\tactic-4.0.0.rc02\src\tactic\ui\panel\panel_wdg.py,"function(view, element_name, template_top)",41,24,23,4,12,0,5,35,
C:\Dropbox\PythonProject\Projects\tactic-4.0.0.rc02\src\tactic\ui\panel\panel_wdg.py,"function(evt, bvr)",52,44,30,4,6,0,2,8,
C:\Dropbox\PythonProject\Projects\tactic-4.0.0.rc02\src\tactic\ui\panel\panel_wdg.py,function( bvr ),30,22,18,4,7,0,1,6,
C:\Dropbox\PythonProject\Projects\tactic-4.0.0.rc02\src\tactic\ui\panel\table_layout_wdg.py,function(),2,2,2,1,0,0,0,0,
C:\Dropbox\PythonProject\Projects\tactic-4.0.0.rc02\src\tactic\ui\panel\table_layout_wdg.py,function(table),15,11,9,2,4,0,0,0,
C:\Dropbox\PythonProject\Projects\tactic-4.0.0.rc02\src\tactic\ui\panel\table_layout_wdg.py,function(layout),5,5,5,0,0,0,0,0,
C:\Dropbox\PythonProject\Projects\tactic-4.0.0.rc02\src\tactic\ui\panel\table_layout_wdg.py,function(),2,2,2,1,0,0,0,0,
C:\Dropbox\PythonProject\Projects\tactic-4.0.0.rc02\src\tactic\ui\panel\table_layout_wdg.py,function(),3,3,5,0,0,0,0,0,
C:\Dropbox\PythonProject\Projects\tactic-4.0.0.rc02\src\tactic\ui\panel\table_layout_wdg.py,function(),13,12,10,4,1,0,0,0,
C:\Dropbox\PythonProject\Projects\tactic-4.0.0.rc02\src\tactic\ui\panel\table_layout_wdg.py,function(element_name),16,13,11,4,2,0,1,4,
C:\Dropbox\PythonProject\Projects\tactic-4.0.0.rc02\src\tactic\ui\panel\table_layout_wdg.py,function(cell),22,13,10,5,6,0,3,14,
C:\Dropbox\PythonProject\Projects\tactic-4.0.0.rc02\src\tactic\ui\panel\table_layout_wdg.py,function(header),3,2,2,1,1,0,0,0,
C:\Dropbox\PythonProject\Projects\tactic-4.0.0.rc02\src\tactic\ui\panel\table_layout_wdg.py,function(cell),6,4,4,1,2,0,0,0,
C:\Dropbox\PythonProject\Projects\tactic-4.0.0.rc02\src\tactic\ui\panel\table_layout_wdg.py,function(),13,10,8,3,2,0,1,8,
C:\Dropbox\PythonProject\Projects\tactic-4.0.0.rc02\src\tactic\ui\panel\table_layout_wdg.py,function(),4,4,4,1,0,0,0,0,
C:\Dropbox\PythonProject\Projects\tactic-4.0.0.rc02\src\tactic\ui\panel\table_layout_wdg.py,function(),4,4,4,1,0,0,0,0,
C:\Dropbox\PythonProject\Projects\tactic-4.0.0.rc02\src\tactic\ui\panel\table_layout_wdg.py,function(element_name),8,8,6,4,0,0,0,0,
C:\Dropbox\PythonProject\Projects\tactic-4.0.0.rc02\src\tactic\ui\panel\table_layout_wdg.py,function(cell),4,4,4,1,0,0,0,0,
C:\Dropbox\PythonProject\Projects\tactic-4.0.0.rc02\src\tactic\ui\panel\table_layout_wdg.py,function(),8,7,5,3,1,0,0,0,
C:\Dropbox\PythonProject\Projects\tactic-4.0.0.rc02\src\tactic\ui\panel\table_layout_wdg.py,function(embedded),8,7,6,2,1,0,0,0,
C:\Dropbox\PythonProject\Projects\tactic-4.0.0.rc02\src\tactic\ui\panel\table_layout_wdg.py,function(cell),6,6,5,2,0,0,0,0,
C:\Dropbox\PythonProject\Projects\tactic-4.0.0.rc02\src\tactic\ui\panel\table_layout_wdg.py,"function(element_name, tr)",15,11,10,2,3,0,1,5,
C:\Dropbox\PythonProject\Projects\tactic-4.0.0.rc02\src\tactic\ui\panel\table_layout_wdg.py,"function(element_name, tr)",6,6,5,3,0,0,0,0,
C:\Dropbox\PythonProject\Projects\tactic-4.0.0.rc02\src\tactic\ui\panel\table_layout_wdg.py,function(row),16,15,11,2,1,0,0,0,
C:\Dropbox\PythonProject\Projects\tactic-4.0.0.rc02\src\tactic\ui\panel\table_layout_wdg.py,function(row),10,10,8,1,0,0,0,0,
C:\Dropbox\PythonProject\Projects\tactic-4.0.0.rc02\src\tactic\ui\panel\table_layout_wdg.py,function(),5,5,4,1,0,0,0,0,
C:\Dropbox\PythonProject\Projects\tactic-4.0.0.rc02\src\tactic\ui\panel\table_layout_wdg.py,function(),5,5,4,1,0,0,0,0,
C:\Dropbox\PythonProject\Projects\tactic-4.0.0.rc02\src\tactic\ui\panel\table_layout_wdg.py,function(),8,8,7,3,0,0,0,0,
C:\Dropbox\PythonProject\Projects\tactic-4.0.0.rc02\src\tactic\ui\panel\table_layout_wdg.py,function(),9,8,7,2,1,0,0,0,
C:\Dropbox\PythonProject\Projects\tactic-4.0.0.rc02\src\tactic\ui\panel\table_layout_wdg.py,"function(row, class_name, kwargs)",100,75,61,3,18,0,7,29,
C:\Dropbox\PythonProject\Projects\tactic-4.0.0.rc02\src\tactic\ui\panel\table_layout_wdg.py,function(row),23,21,16,2,0,0,2,8,
C:\Dropbox\PythonProject\Projects\tactic-4.0.0.rc02\src\tactic\ui\panel\table_layout_wdg.py,function(el),4,4,4,0,0,0,0,0,
C:\Dropbox\PythonProject\Projects\tactic-4.0.0.rc02\src\tactic\ui\panel\table_layout_wdg.py,"function(row, search_type, level)",57,39,33,3,13,0,5,17,
C:\Dropbox\PythonProject\Projects\tactic-4.0.0.rc02\src\tactic\ui\panel\table_layout_wdg.py,function(),4,4,4,1,0,0,0,0,
C:\Dropbox\PythonProject\Projects\tactic-4.0.0.rc02\src\tactic\ui\panel\table_layout_wdg.py,function(),4,4,4,1,0,0,0,0,
C:\Dropbox\PythonProject\Projects\tactic-4.0.0.rc02\src\tactic\ui\panel\table_layout_wdg.py,function(parent_key),6,6,3,1,0,0,0,0,
C:\Dropbox\PythonProject\Projects\tactic-4.0.0.rc02\src\tactic\ui\panel\table_layout_wdg.py,function(connect_key),6,6,3,1,0,0,0,0,
C:\Dropbox\PythonProject\Projects\tactic-4.0.0.rc02\src\tactic\ui\panel\table_layout_wdg.py,"function(row, name, value)",8,8,8,2,0,0,0,0,
C:\Dropbox\PythonProject\Projects\tactic-4.0.0.rc02\src\tactic\ui\panel\table_layout_wdg.py,"function(row, data)",2,2,2,0,0,0,0,0,
C:\Dropbox\PythonProject\Projects\tactic-4.0.0.rc02\src\tactic\ui\panel\table_layout_wdg.py,"function(name, value)",6,6,4,1,0,0,0,0,
C:\Dropbox\PythonProject\Projects\tactic-4.0.0.rc02\src\tactic\ui\panel\table_layout_wdg.py,function(kwargs),37,28,23,5,7,0,2,9,
C:\Dropbox\PythonProject\Projects\tactic-4.0.0.rc02\src\tactic\ui\panel\table_layout_wdg.py,function(element_name),18,14,11,6,3,0,1,4,
C:\Dropbox\PythonProject\Projects\tactic-4.0.0.rc02\src\tactic\ui\panel\table_layout_wdg.py,function(index),12,8,8,1,3,0,1,4,
C:\Dropbox\PythonProject\Projects\tactic-4.0.0.rc02\src\tactic\ui\panel\table_layout_wdg.py,function(cell),82,50,41,7,18,0,14,110,
C:\Dropbox\PythonProject\Projects\tactic-4.0.0.rc02\src\tactic\ui\panel\table_layout_wdg.py,function(),18,16,14,2,2,0,0,0,
C:\Dropbox\PythonProject\Projects\tactic-4.0.0.rc02\src\tactic\ui\panel\table_layout_wdg.py,function(),15,13,10,2,2,0,0,0,
C:\Dropbox\PythonProject\Projects\tactic-4.0.0.rc02\src\tactic\ui\panel\table_layout_wdg.py,"function(cell, edit_wdg_template)",87,60,49,12,17,0,10,54,
C:\Dropbox\PythonProject\Projects\tactic-4.0.0.rc02\src\tactic\ui\panel\table_layout_wdg.py,"function(edit_cell, edit_wdg, size)",251,174,134,29,36,0,41,198,
C:\Dropbox\PythonProject\Projects\tactic-4.0.0.rc02\src\tactic\ui\panel\table_layout_wdg.py,function(embedded),7,7,6,2,0,0,0,0,
C:\Dropbox\PythonProject\Projects\tactic-4.0.0.rc02\src\tactic\ui\panel\table_layout_wdg.py,function(),8,8,6,3,0,0,0,0,
C:\Dropbox\PythonProject\Projects\tactic-4.0.0.rc02\src\tactic\ui\panel\table_layout_wdg.py,function(),4,4,4,1,0,0,0,0,
C:\Dropbox\PythonProject\Projects\tactic-4.0.0.rc02\src\tactic\ui\panel\table_layout_wdg.py,"function(edit_wdg, new_value, set_display, kwargs)",69,49,39,10,17,0,3,19,
C:\Dropbox\PythonProject\Projects\tactic-4.0.0.rc02\src\tactic\ui\panel\table_layout_wdg.py,"function( el, value, input_type )",37,27,20,3,9,0,1,7,
C:\Dropbox\PythonProject\Projects\tactic-4.0.0.rc02\src\tactic\ui\panel\table_layout_wdg.py,"function(cell, new_value)",93,66,47,6,13,0,14,99,
C:\Dropbox\PythonProject\Projects\tactic-4.0.0.rc02\src\tactic\ui\panel\table_layout_wdg.py,function(kwargs),167,118,89,14,27,1,22,93,
C:\Dropbox\PythonProject\Projects\tactic-4.0.0.rc02\src\tactic\ui\panel\table_layout_wdg.py,function(row),33,24,13,1,7,0,2,33,
C:\Dropbox\PythonProject\Projects\tactic-4.0.0.rc02\src\tactic\ui\panel\table_layout_wdg.py,"function(rows, search_keys, web_data, kw)",105,72,48,10,23,0,10,87,
C:\Dropbox\PythonProject\Projects\tactic-4.0.0.rc02\src\tactic\ui\panel\table_layout_wdg.py,function(element_name),2,2,2,0,0,0,0,0,
C:\Dropbox\PythonProject\Projects\tactic-4.0.0.rc02\src\tactic\ui\panel\table_layout_wdg.py,function(element_names),2,2,2,0,0,0,0,0,
C:\Dropbox\PythonProject\Projects\tactic-4.0.0.rc02\src\tactic\ui\panel\table_layout_wdg.py,"function(element_name, values)",2,2,2,0,0,0,0,0,
C:\Dropbox\PythonProject\Projects\tactic-4.0.0.rc02\src\tactic\ui\panel\table_layout_wdg.py,"function(element_names, mode, values)",179,129,92,22,38,0,12,83,
C:\Dropbox\PythonProject\Projects\tactic-4.0.0.rc02\src\tactic\ui\panel\table_layout_wdg.py,function(columns),25,18,14,4,7,0,0,0,
C:\Dropbox\PythonProject\Projects\tactic-4.0.0.rc02\src\tactic\ui\panel\table_layout_wdg.py,function(column),2,2,2,1,0,0,0,0,
C:\Dropbox\PythonProject\Projects\tactic-4.0.0.rc02\src\tactic\ui\panel\table_layout_wdg.py,function(element_name),60,46,38,7,13,0,1,5,
C:\Dropbox\PythonProject\Projects\tactic-4.0.0.rc02\src\tactic\ui\panel\table_layout_wdg.py,function(group_row),30,20,15,6,8,0,2,11,
C:\Dropbox\PythonProject\Projects\tactic-4.0.0.rc02\src\tactic\ui\panel\table_layout_wdg.py,function(),6,6,5,1,0,0,0,0,
C:\Dropbox\PythonProject\Projects\tactic-4.0.0.rc02\src\tactic\ui\panel\table_layout_wdg.py,function(),13,10,9,2,3,0,0,0,
C:\Dropbox\PythonProject\Projects\tactic-4.0.0.rc02\src\tactic\ui\panel\table_layout_wdg.py,function(),8,8,8,0,0,0,0,0,
C:\Dropbox\PythonProject\Projects\tactic-4.0.0.rc02\src\tactic\ui\panel\table_layout_wdg.py,"function(evt, bvr, mouse_411)",51,37,32,6,11,0,3,19,
C:\Dropbox\PythonProject\Projects\tactic-4.0.0.rc02\src\tactic\ui\panel\table_layout_wdg.py,"function(evt, bvr, mouse_411)",42,19,16,3,8,0,15,73,
C:\Dropbox\PythonProject\Projects\tactic-4.0.0.rc02\src\tactic\ui\panel\table_layout_wdg.py,"function(evt, bvr, mouse_411)",5,4,4,0,1,0,0,0,
C:\Dropbox\PythonProject\Projects\tactic-4.0.0.rc02\src\tactic\ui\panel\table_layout_wdg.py,"function(evt, bvr, mouse_411)",42,29,28,1,9,0,4,11,
C:\Dropbox\PythonProject\Projects\tactic-4.0.0.rc02\src\tactic\ui\panel\table_layout_wdg.py,"function(evt, bvr, mouse_411)",34,29,21,4,4,0,1,8,
C:\Dropbox\PythonProject\Projects\tactic-4.0.0.rc02\src\tactic\ui\panel\table_layout_wdg.py,"function(evt, bvr, mouse_411)",41,31,26,5,7,0,3,13,
C:\Dropbox\PythonProject\Projects\tactic-4.0.0.rc02\src\tactic\ui\panel\table_layout_wdg.py,function(src_el),3,3,3,1,0,0,0,0,
C:\Dropbox\PythonProject\Projects\tactic-4.0.0.rc02\src\tactic\ui\panel\table_layout_wdg.py,"function( menu_el, activator_el )",29,24,14,4,5,0,0,0,
C:\Dropbox\PythonProject\Projects\tactic-4.0.0.rc02\src\tactic\ui\panel\table_layout_wdg.py,"function(evt, bvr)",23,18,13,0,3,0,2,4,
C:\Dropbox\PythonProject\Projects\tactic-4.0.0.rc02\src\tactic\ui\panel\table_layout_wdg.py,"function(evt, bvr)",7,5,5,0,2,0,0,0,
C:\Dropbox\PythonProject\Projects\tactic-4.0.0.rc02\src\tactic\ui\panel\table_layout_wdg.py,function(),2,2,2,0,0,0,0,0,
C:\Dropbox\PythonProject\Projects\tactic-4.0.0.rc02\src\tactic\ui\panel\table_layout_wdg.py,function(),2,2,2,0,0,0,0,0,
C:\Dropbox\PythonProject\Projects\tactic-4.0.0.rc02\src\tactic\ui\panel\table_layout_wdg.py,function(action),72,55,40,8,14,0,3,12,
C:\Dropbox\PythonProject\Projects\tactic-4.0.0.rc02\src\tactic\ui\popups\transaction_popup_wdg.py,button.get_arrow_wdg(),1,1,1,0,0,0,0,0,
C:\Dropbox\PythonProject\Projects\tactic-4.0.0.rc02\src\tactic\ui\startup\pipeline_edit_wdg.py,pipeline.get_code(),1,1,1,0,0,0,0,0,
C:\Dropbox\PythonProject\Projects\tactic-4.0.0.rc02\src\tactic\ui\startup\security_wdg.py,my.get_add_groups_wdg(),7,7,4,0,0,0,0,0,
C:\Dropbox\PythonProject\Projects\tactic-4.0.0.rc02\src\tactic\ui\startup\security_wdg.py,layout):         name = Common.get_filesystem_name(my.get_name(),39,18,8,3,4,0,17,60,
C:\Dropbox\PythonProject\Projects\tactic-4.0.0.rc02\src\tactic\ui\sync\sync_settings_wdg.py,my.get_file_mode_wdg(),19,17,12,2,2,0,0,0,
C:\Dropbox\PythonProject\Projects\tactic-4.0.0.rc02\src\tactic\ui\table\drop_element_wdg.py,"label=IconWdg(""Add User"", IconWdg.ADD)",4,4,1,0,0,0,0,0,
C:\Dropbox\PythonProject\Projects\tactic-4.0.0.rc02\src\tactic\ui\table\drop_element_wdg.py,"function( evt, bvr )",43,34,28,5,6,0,3,33,
C:\Dropbox\PythonProject\Projects\tactic-4.0.0.rc02\src\tactic\ui\table\drop_element_wdg.py,"function( evt, bvr )",28,19,16,4,6,0,3,13,
C:\Dropbox\PythonProject\Projects\tactic-4.0.0.rc02\src\tactic\ui\table\drop_element_wdg.py,"function( src_el, dst_el )",53,43,33,8,8,0,2,10,
C:\Dropbox\PythonProject\Projects\tactic-4.0.0.rc02\src\tactic\ui\table\drop_element_wdg.py,"function(top_el, src_search_keys, src_display_values)",35,22,20,2,9,0,4,13,
C:\Dropbox\PythonProject\Projects\tactic-4.0.0.rc02\src\tactic\ui\table\drop_element_wdg.py,"function( evt, bvr )",34,15,14,1,10,0,9,28,
C:\Dropbox\PythonProject\Projects\tactic-4.0.0.rc02\src\tactic\ui\table\format_element_wdg.py,my.get_name(),12,11,8,0,1,0,0,0,
C:\Dropbox\PythonProject\Projects\tactic-4.0.0.rc02\src\tactic\ui\table\gantt_element_wdg.py,my.get_divider_wdg(),4,4,1,0,0,0,0,0,
C:\Dropbox\PythonProject\Projects\tactic-4.0.0.rc02\src\tactic\ui\table\gantt_element_wdg.py,function(),12,10,10,0,2,0,0,0,
C:\Dropbox\PythonProject\Projects\tactic-4.0.0.rc02\src\tactic\ui\table\gantt_element_wdg.py,function(),7,6,6,0,1,0,0,0,
C:\Dropbox\PythonProject\Projects\tactic-4.0.0.rc02\src\tactic\ui\table\gantt_element_wdg.py,"function(top, start_date, end_date, percent_per_day)",46,31,26,4,8,1,7,23,
C:\Dropbox\PythonProject\Projects\tactic-4.0.0.rc02\src\tactic\ui\table\gantt_element_wdg.py,"function(top, start_date, end_date, percent_per_day)",68,54,44,8,13,1,1,5,
C:\Dropbox\PythonProject\Projects\tactic-4.0.0.rc02\src\tactic\ui\table\gantt_element_wdg.py,"function(top, days, colors, labels)",49,33,27,5,4,0,12,37,
C:\Dropbox\PythonProject\Projects\tactic-4.0.0.rc02\src\tactic\ui\table\gantt_element_wdg.py,function(range),36,26,24,2,9,0,1,7,
C:\Dropbox\PythonProject\Projects\tactic-4.0.0.rc02\src\tactic\ui\table\gantt_element_wdg.py,function(top),6,5,5,0,1,0,0,0,
C:\Dropbox\PythonProject\Projects\tactic-4.0.0.rc02\src\tactic\ui\table\gantt_element_wdg.py,function(top),8,8,6,3,0,0,0,0,
C:\Dropbox\PythonProject\Projects\tactic-4.0.0.rc02\src\tactic\ui\table\gantt_element_wdg.py,function(),8,8,7,1,0,0,0,0,
C:\Dropbox\PythonProject\Projects\tactic-4.0.0.rc02\src\tactic\ui\table\gantt_element_wdg.py,function(top),11,8,8,1,3,0,0,0,
C:\Dropbox\PythonProject\Projects\tactic-4.0.0.rc02\src\tactic\ui\table\gantt_element_wdg.py,function(top),44,7,7,0,6,0,31,89,
C:\Dropbox\PythonProject\Projects\tactic-4.0.0.rc02\src\tactic\ui\table\gantt_element_wdg.py,"function(color_el, pipeline_code, pos)",30,24,17,4,6,0,0,0,
C:\Dropbox\PythonProject\Projects\tactic-4.0.0.rc02\src\tactic\ui\table\gantt_element_wdg.py,"function(evt, bvr, mouse_411)",27,20,19,1,6,0,1,8,
C:\Dropbox\PythonProject\Projects\tactic-4.0.0.rc02\src\tactic\ui\table\gantt_element_wdg.py,"function(evt, bvr, mouse_411)",111,76,63,9,29,0,6,35,
C:\Dropbox\PythonProject\Projects\tactic-4.0.0.rc02\src\tactic\ui\table\gantt_element_wdg.py,"function(evt, bvr, mouse_411)",104,62,50,7,34,0,8,30,
C:\Dropbox\PythonProject\Projects\tactic-4.0.0.rc02\src\tactic\ui\table\gantt_element_wdg.py,"function(date_str, milli_diff)",10,8,8,1,1,0,1,2,
C:\Dropbox\PythonProject\Projects\tactic-4.0.0.rc02\src\tactic\ui\table\gantt_element_wdg.py,"function(bvr, start_date_str, end_date_str, pixel_diff)",50,35,34,3,12,0,3,11,
C:\Dropbox\PythonProject\Projects\tactic-4.0.0.rc02\src\tactic\ui\table\gantt_element_wdg.py,"function(evt, bvr, mouse_411)",99,61,56,5,30,0,8,48,
C:\Dropbox\PythonProject\Projects\tactic-4.0.0.rc02\src\tactic\ui\table\gantt_element_wdg.py,function(table),37,25,20,4,8,0,4,27,
C:\Dropbox\PythonProject\Projects\tactic-4.0.0.rc02\src\tactic\ui\table\gantt_element_wdg.py,"function(evt, bvr, mouse_411)",21,14,13,1,7,0,0,0,
C:\Dropbox\PythonProject\Projects\tactic-4.0.0.rc02\src\tactic\ui\table\gantt_element_wdg.py,"function(evt, bvr, mouse_411)",23,16,12,4,6,0,1,13,
C:\Dropbox\PythonProject\Projects\tactic-4.0.0.rc02\src\tactic\ui\table\gantt_element_wdg.py,"function(evt, bvr, mouse_411)",30,17,14,2,11,0,2,13,
C:\Dropbox\PythonProject\Projects\tactic-4.0.0.rc02\src\tactic\ui\table\gantt_element_wdg.py,"function(evt, bvr, mouse_411)",17,13,12,1,4,0,0,0,
C:\Dropbox\PythonProject\Projects\tactic-4.0.0.rc02\src\tactic\ui\table\gantt_element_wdg.py,"function(evt, bvr, mouse_411)",35,28,22,6,7,0,0,0,
C:\Dropbox\PythonProject\Projects\tactic-4.0.0.rc02\src\tactic\ui\table\gantt_element_wdg.py,"function(evt, bvr, mouse_411)",14,8,8,0,5,0,1,4,
C:\Dropbox\PythonProject\Projects\tactic-4.0.0.rc02\src\tactic\ui\table\gantt_element_wdg.py,"function(table, pixel_per_day)",36,31,23,5,0,0,5,20,
C:\Dropbox\PythonProject\Projects\tactic-4.0.0.rc02\src\tactic\ui\table\gantt_element_wdg.py,"function(evt, bvr)",53,38,33,4,11,0,4,23,
C:\Dropbox\PythonProject\Projects\tactic-4.0.0.rc02\src\tactic\ui\table\task_element_wdg.py,init_tips(elements),18,11,9,1,2,0,5,23,
C:\Dropbox\PythonProject\Projects\tactic-4.0.0.rc02\src\tactic\ui\table\task_element_wdg.py,"label=IconWdg(""Add User"", IconWdg.ADD)",31,29,23,1,2,0,0,0,
C:\Dropbox\PythonProject\Projects\tactic-4.0.0.rc02\src\tactic\ui\table\task_element_wdg.py,"label=IconWdg(""Remove User"", IconWdg.DELETE)",16,12,10,0,3,0,1,2,
C:\Dropbox\PythonProject\Projects\tactic-4.0.0.rc02\src\tactic\ui\table\work_hours_element_wdg.py,"function(bvr, spt_day_type)",19,18,14,3,1,0,0,0,
C:\Dropbox\PythonProject\Projects\tactic-4.0.0.rc02\src\tactic\ui\tools\custom_layout_edit_wdg.py,button.get_button_wdg(),1,1,1,0,0,0,0,0,
C:\Dropbox\PythonProject\Projects\tactic-4.0.0.rc02\src\tactic\ui\tools\freeform_layout_wdg.py,button.get_button_wdg(),1,1,1,0,0,0,0,0,
C:\Dropbox\PythonProject\Projects\tactic-4.0.0.rc02\src\tactic\ui\tools\freeform_layout_wdg.py,function(top),3,3,3,0,0,0,0,0,
C:\Dropbox\PythonProject\Projects\tactic-4.0.0.rc02\src\tactic\ui\tools\freeform_layout_wdg.py,function(),2,2,2,1,0,0,0,0,
C:\Dropbox\PythonProject\Projects\tactic-4.0.0.rc02\src\tactic\ui\tools\freeform_layout_wdg.py,function(),4,4,4,1,0,0,0,0,
C:\Dropbox\PythonProject\Projects\tactic-4.0.0.rc02\src\tactic\ui\tools\freeform_layout_wdg.py,function(element_name),10,9,7,4,1,0,0,0,
C:\Dropbox\PythonProject\Projects\tactic-4.0.0.rc02\src\tactic\ui\tools\freeform_layout_wdg.py,function(),5,5,4,1,0,0,0,0,
C:\Dropbox\PythonProject\Projects\tactic-4.0.0.rc02\src\tactic\ui\tools\freeform_layout_wdg.py,function(el),3,3,3,0,0,0,0,0,
C:\Dropbox\PythonProject\Projects\tactic-4.0.0.rc02\src\tactic\ui\tools\freeform_layout_wdg.py,function(el),3,3,2,1,0,0,0,0,
C:\Dropbox\PythonProject\Projects\tactic-4.0.0.rc02\src\tactic\ui\tools\freeform_layout_wdg.py,function(el),6,6,5,1,0,0,0,0,
C:\Dropbox\PythonProject\Projects\tactic-4.0.0.rc02\src\tactic\ui\tools\freeform_layout_wdg.py,"function(evt, bvr, mouse_411)",11,8,9,0,3,0,0,0,
C:\Dropbox\PythonProject\Projects\tactic-4.0.0.rc02\src\tactic\ui\tools\freeform_layout_wdg.py,"function(evt, bvr, mouse_411)",21,16,19,0,5,0,0,0,
C:\Dropbox\PythonProject\Projects\tactic-4.0.0.rc02\src\tactic\ui\tools\freeform_layout_wdg.py,"function(evt, bvr, mouse_411)",3,3,3,0,0,0,0,0,
C:\Dropbox\PythonProject\Projects\tactic-4.0.0.rc02\src\tactic\ui\tools\freeform_layout_wdg.py,"function(evt, bvr, mouse_411)",9,6,7,0,3,0,0,0,
C:\Dropbox\PythonProject\Projects\tactic-4.0.0.rc02\src\tactic\ui\tools\freeform_layout_wdg.py,"function(evt, bvr, mouse_411)",18,11,14,0,5,0,2,4,
C:\Dropbox\PythonProject\Projects\tactic-4.0.0.rc02\src\tactic\ui\tools\freeform_layout_wdg.py,"function(evt, bvr, mouse_411)",12,8,9,0,3,0,1,1,
C:\Dropbox\PythonProject\Projects\tactic-4.0.0.rc02\src\tactic\ui\tools\freeform_layout_wdg.py,"function(evt, bvr, mouse_411)",11,8,11,0,3,0,0,0,
C:\Dropbox\PythonProject\Projects\tactic-4.0.0.rc02\src\tactic\ui\tools\freeform_layout_wdg.py,"function(evt, bvr, mouse_411)",2,2,2,0,0,0,0,0,
C:\Dropbox\PythonProject\Projects\tactic-4.0.0.rc02\src\tactic\ui\tools\freeform_layout_wdg.py,function(),43,33,30,5,10,0,0,0,
C:\Dropbox\PythonProject\Projects\tactic-4.0.0.rc02\src\tactic\ui\tools\ingestion_wdg.py,f.read(),1,1,1,0,0,0,0,0,
C:\Dropbox\PythonProject\Projects\tactic-4.0.0.rc02\src\tactic\ui\tools\pipeline_canvas_wdg.py,%(height/2-5),17,16,11,0,1,0,0,0,
C:\Dropbox\PythonProject\Projects\tactic-4.0.0.rc02\src\tactic\ui\tools\pipeline_canvas_wdg.py,%(height/4),19,16,10,2,3,0,0,0,
C:\Dropbox\PythonProject\Projects\tactic-4.0.0.rc02\src\tactic\ui\tools\pipeline_canvas_wdg.py,function(common_top),3,3,3,0,0,0,0,0,
C:\Dropbox\PythonProject\Projects\tactic-4.0.0.rc02\src\tactic\ui\tools\pipeline_canvas_wdg.py,function(bvr),8,8,6,1,0,0,0,0,
C:\Dropbox\PythonProject\Projects\tactic-4.0.0.rc02\src\tactic\ui\tools\pipeline_canvas_wdg.py,function(top),3,3,3,0,0,0,0,0,
C:\Dropbox\PythonProject\Projects\tactic-4.0.0.rc02\src\tactic\ui\tools\pipeline_canvas_wdg.py,function(),26,17,16,2,2,0,7,20,
C:\Dropbox\PythonProject\Projects\tactic-4.0.0.rc02\src\tactic\ui\tools\pipeline_canvas_wdg.py,function(bvr),43,33,31,3,8,0,2,16,
C:\Dropbox\PythonProject\Projects\tactic-4.0.0.rc02\src\tactic\ui\tools\pipeline_canvas_wdg.py,function(),2,2,2,1,0,0,0,0,
C:\Dropbox\PythonProject\Projects\tactic-4.0.0.rc02\src\tactic\ui\tools\pipeline_canvas_wdg.py,function(),2,2,2,1,0,0,0,0,
C:\Dropbox\PythonProject\Projects\tactic-4.0.0.rc02\src\tactic\ui\tools\pipeline_canvas_wdg.py,function(),2,2,2,1,0,0,0,0,
C:\Dropbox\PythonProject\Projects\tactic-4.0.0.rc02\src\tactic\ui\tools\pipeline_canvas_wdg.py,function(),2,2,2,1,0,0,0,0,
C:\Dropbox\PythonProject\Projects\tactic-4.0.0.rc02\src\tactic\ui\tools\pipeline_canvas_wdg.py,function(mouse_411),3,3,3,1,0,0,0,0,
C:\Dropbox\PythonProject\Projects\tactic-4.0.0.rc02\src\tactic\ui\tools\pipeline_canvas_wdg.py,"function(x1, y1, x2, y2)",81,64,52,12,17,0,0,0,
C:\Dropbox\PythonProject\Projects\tactic-4.0.0.rc02\src\tactic\ui\tools\pipeline_canvas_wdg.py,function(),34,24,21,4,7,0,3,11,
C:\Dropbox\PythonProject\Projects\tactic-4.0.0.rc02\src\tactic\ui\tools\pipeline_canvas_wdg.py,"function(evt, bvr, mouse_411)",4,4,4,0,0,0,0,0,
C:\Dropbox\PythonProject\Projects\tactic-4.0.0.rc02\src\tactic\ui\tools\pipeline_canvas_wdg.py,"function(evt, bvr, mouse_411)",6,6,6,0,0,0,0,0,
C:\Dropbox\PythonProject\Projects\tactic-4.0.0.rc02\src\tactic\ui\tools\pipeline_canvas_wdg.py,"function(evt, bvr, mouse_411)",10,6,6,0,4,0,0,0,
C:\Dropbox\PythonProject\Projects\tactic-4.0.0.rc02\src\tactic\ui\tools\pipeline_canvas_wdg.py,function(mouse_411),11,5,5,1,2,0,4,23,
C:\Dropbox\PythonProject\Projects\tactic-4.0.0.rc02\src\tactic\ui\tools\pipeline_canvas_wdg.py,function(),11,11,9,3,0,0,0,0,
C:\Dropbox\PythonProject\Projects\tactic-4.0.0.rc02\src\tactic\ui\tools\pipeline_canvas_wdg.py,function(),6,6,5,3,0,0,0,0,
C:\Dropbox\PythonProject\Projects\tactic-4.0.0.rc02\src\tactic\ui\tools\pipeline_canvas_wdg.py,function(),6,4,4,1,0,0,2,6,
C:\Dropbox\PythonProject\Projects\tactic-4.0.0.rc02\src\tactic\ui\tools\pipeline_canvas_wdg.py,function(),6,6,4,3,0,0,0,0,
C:\Dropbox\PythonProject\Projects\tactic-4.0.0.rc02\src\tactic\ui\tools\pipeline_canvas_wdg.py,function(item),4,4,4,0,0,0,0,0,
C:\Dropbox\PythonProject\Projects\tactic-4.0.0.rc02\src\tactic\ui\tools\pipeline_canvas_wdg.py,function(),11,10,8,2,1,0,0,0,
C:\Dropbox\PythonProject\Projects\tactic-4.0.0.rc02\src\tactic\ui\tools\pipeline_canvas_wdg.py,function(item),4,4,4,0,0,0,0,0,
C:\Dropbox\PythonProject\Projects\tactic-4.0.0.rc02\src\tactic\ui\tools\pipeline_canvas_wdg.py,function(node),16,14,14,1,2,0,0,0,
C:\Dropbox\PythonProject\Projects\tactic-4.0.0.rc02\src\tactic\ui\tools\pipeline_canvas_wdg.py,function(node),8,8,8,0,0,0,0,0,
C:\Dropbox\PythonProject\Projects\tactic-4.0.0.rc02\src\tactic\ui\tools\pipeline_canvas_wdg.py,function(node),4,4,4,0,0,0,0,0,
C:\Dropbox\PythonProject\Projects\tactic-4.0.0.rc02\src\tactic\ui\tools\pipeline_canvas_wdg.py,function(node),4,4,4,0,0,0,0,0,
C:\Dropbox\PythonProject\Projects\tactic-4.0.0.rc02\src\tactic\ui\tools\pipeline_canvas_wdg.py,function(node),8,8,7,1,0,0,0,0,
C:\Dropbox\PythonProject\Projects\tactic-4.0.0.rc02\src\tactic\ui\tools\pipeline_canvas_wdg.py,function(),6,6,5,1,0,0,0,0,
C:\Dropbox\PythonProject\Projects\tactic-4.0.0.rc02\src\tactic\ui\tools\pipeline_canvas_wdg.py,function(group_name),10,9,7,2,1,0,0,0,
C:\Dropbox\PythonProject\Projects\tactic-4.0.0.rc02\src\tactic\ui\tools\pipeline_canvas_wdg.py,function(),4,4,4,1,0,0,0,0,
C:\Dropbox\PythonProject\Projects\tactic-4.0.0.rc02\src\tactic\ui\tools\pipeline_canvas_wdg.py,function(name),10,10,8,4,0,0,0,0,
C:\Dropbox\PythonProject\Projects\tactic-4.0.0.rc02\src\tactic\ui\tools\pipeline_canvas_wdg.py,function(node),2,2,2,1,0,0,0,0,
C:\Dropbox\PythonProject\Projects\tactic-4.0.0.rc02\src\tactic\ui\tools\pipeline_canvas_wdg.py,"function(node, group_name)",12,11,9,3,0,0,1,6,
C:\Dropbox\PythonProject\Projects\tactic-4.0.0.rc02\src\tactic\ui\tools\pipeline_canvas_wdg.py,function(group_name),7,7,6,3,0,0,0,0,
C:\Dropbox\PythonProject\Projects\tactic-4.0.0.rc02\src\tactic\ui\tools\pipeline_canvas_wdg.py,function(group_name),13,12,10,3,1,0,0,0,
C:\Dropbox\PythonProject\Projects\tactic-4.0.0.rc02\src\tactic\ui\tools\pipeline_canvas_wdg.py,function(),3,3,3,1,0,0,0,0,
C:\Dropbox\PythonProject\Projects\tactic-4.0.0.rc02\src\tactic\ui\tools\pipeline_canvas_wdg.py,function(),10,8,6,3,2,0,0,0,
C:\Dropbox\PythonProject\Projects\tactic-4.0.0.rc02\src\tactic\ui\tools\pipeline_canvas_wdg.py,function(name),7,7,6,3,0,0,0,0,
C:\Dropbox\PythonProject\Projects\tactic-4.0.0.rc02\src\tactic\ui\tools\pipeline_canvas_wdg.py,function(node),4,4,4,1,0,0,0,0,
C:\Dropbox\PythonProject\Projects\tactic-4.0.0.rc02\src\tactic\ui\tools\pipeline_canvas_wdg.py,function(group_name),8,7,6,1,1,0,0,0,
C:\Dropbox\PythonProject\Projects\tactic-4.0.0.rc02\src\tactic\ui\tools\pipeline_canvas_wdg.py,function(),3,3,3,1,0,0,0,0,
C:\Dropbox\PythonProject\Projects\tactic-4.0.0.rc02\src\tactic\ui\tools\pipeline_canvas_wdg.py,"function(pipeline_code, stype)",5,3,3,0,2,0,0,0,
C:\Dropbox\PythonProject\Projects\tactic-4.0.0.rc02\src\tactic\ui\tools\pipeline_canvas_wdg.py,function(pipeline_code),5,5,4,2,0,0,0,0,
C:\Dropbox\PythonProject\Projects\tactic-4.0.0.rc02\src\tactic\ui\tools\pipeline_canvas_wdg.py,"function(node, group_name)",9,6,6,0,2,0,1,4,
C:\Dropbox\PythonProject\Projects\tactic-4.0.0.rc02\src\tactic\ui\tools\pipeline_canvas_wdg.py,"function(name, x, y, kwargs)",91,61,52,10,22,1,8,38,
C:\Dropbox\PythonProject\Projects\tactic-4.0.0.rc02\src\tactic\ui\tools\pipeline_canvas_wdg.py,function(nodes),53,26,21,6,7,0,20,86,
C:\Dropbox\PythonProject\Projects\tactic-4.0.0.rc02\src\tactic\ui\tools\pipeline_canvas_wdg.py,function(node),2,2,2,0,0,0,0,0,
C:\Dropbox\PythonProject\Projects\tactic-4.0.0.rc02\src\tactic\ui\tools\pipeline_canvas_wdg.py,function(group_name),6,5,5,0,1,0,0,0,
C:\Dropbox\PythonProject\Projects\tactic-4.0.0.rc02\src\tactic\ui\tools\pipeline_canvas_wdg.py,"function(node, name, value)",2,2,2,0,0,0,0,0,
C:\Dropbox\PythonProject\Projects\tactic-4.0.0.rc02\src\tactic\ui\tools\pipeline_canvas_wdg.py,"function(node, name)",2,2,2,1,0,0,0,0,
C:\Dropbox\PythonProject\Projects\tactic-4.0.0.rc02\src\tactic\ui\tools\pipeline_canvas_wdg.py,"function(node, properties)",2,2,2,0,0,0,0,0,
C:\Dropbox\PythonProject\Projects\tactic-4.0.0.rc02\src\tactic\ui\tools\pipeline_canvas_wdg.py,function(node),2,2,2,1,0,0,0,0,
C:\Dropbox\PythonProject\Projects\tactic-4.0.0.rc02\src\tactic\ui\tools\pipeline_canvas_wdg.py,"function(node, color)",11,11,9,1,0,0,0,0,
C:\Dropbox\PythonProject\Projects\tactic-4.0.0.rc02\src\tactic\ui\tools\pipeline_canvas_wdg.py,function(node),2,2,2,1,0,0,0,0,
C:\Dropbox\PythonProject\Projects\tactic-4.0.0.rc02\src\tactic\ui\tools\pipeline_canvas_wdg.py,function(group_name),7,7,6,2,0,0,0,0,
C:\Dropbox\PythonProject\Projects\tactic-4.0.0.rc02\src\tactic\ui\tools\pipeline_canvas_wdg.py,"function(node, value)",26,19,17,2,6,0,1,9,
C:\Dropbox\PythonProject\Projects\tactic-4.0.0.rc02\src\tactic\ui\tools\pipeline_canvas_wdg.py,function(node),7,7,7,0,0,0,0,0,
C:\Dropbox\PythonProject\Projects\tactic-4.0.0.rc02\src\tactic\ui\tools\pipeline_canvas_wdg.py,function(node),10,6,7,1,3,0,1,7,
C:\Dropbox\PythonProject\Projects\tactic-4.0.0.rc02\src\tactic\ui\tools\pipeline_canvas_wdg.py,function(el),18,9,9,2,4,0,5,33,
C:\Dropbox\PythonProject\Projects\tactic-4.0.0.rc02\src\tactic\ui\tools\pipeline_canvas_wdg.py,function(el),18,10,8,2,3,0,5,33,
C:\Dropbox\PythonProject\Projects\tactic-4.0.0.rc02\src\tactic\ui\tools\pipeline_canvas_wdg.py,function(),4,4,4,1,0,0,0,0,
C:\Dropbox\PythonProject\Projects\tactic-4.0.0.rc02\src\tactic\ui\tools\pipeline_canvas_wdg.py,"function(group_name, color)",33,21,20,1,11,0,1,3,
C:\Dropbox\PythonProject\Projects\tactic-4.0.0.rc02\src\tactic\ui\tools\pipeline_canvas_wdg.py,"function(folder, color)",22,16,13,1,5,0,1,6,
C:\Dropbox\PythonProject\Projects\tactic-4.0.0.rc02\src\tactic\ui\tools\pipeline_canvas_wdg.py,function(node),5,4,4,1,0,0,1,7,
C:\Dropbox\PythonProject\Projects\tactic-4.0.0.rc02\src\tactic\ui\tools\pipeline_canvas_wdg.py,function(node),4,3,3,1,0,0,1,7,
C:\Dropbox\PythonProject\Projects\tactic-4.0.0.rc02\src\tactic\ui\tools\pipeline_canvas_wdg.py,function(node),5,4,4,0,0,0,1,2,
C:\Dropbox\PythonProject\Projects\tactic-4.0.0.rc02\src\tactic\ui\tools\pipeline_canvas_wdg.py,"function(node, x, y)",22,12,14,0,5,0,5,28,
C:\Dropbox\PythonProject\Projects\tactic-4.0.0.rc02\src\tactic\ui\tools\pipeline_canvas_wdg.py,"function(node, rel_x, rel_y)",4,4,5,0,0,0,0,0,
C:\Dropbox\PythonProject\Projects\tactic-4.0.0.rc02\src\tactic\ui\tools\pipeline_canvas_wdg.py,"function(rel_x, rel_y)",13,9,9,1,3,0,1,7,
C:\Dropbox\PythonProject\Projects\tactic-4.0.0.rc02\src\tactic\ui\tools\pipeline_canvas_wdg.py,"function(rel_x, rel_y)",12,8,8,1,3,0,1,7,
C:\Dropbox\PythonProject\Projects\tactic-4.0.0.rc02\src\tactic\ui\tools\pipeline_canvas_wdg.py,"function( evt, bvr, mouse_411)",21,15,12,2,3,0,3,16,
C:\Dropbox\PythonProject\Projects\tactic-4.0.0.rc02\src\tactic\ui\tools\pipeline_canvas_wdg.py,"function( evt, bvr, mouse_411)",25,21,18,2,3,0,1,8,
C:\Dropbox\PythonProject\Projects\tactic-4.0.0.rc02\src\tactic\ui\tools\pipeline_canvas_wdg.py,"function( evt, bvr, mouse_411)",3,3,3,0,0,0,0,0,
C:\Dropbox\PythonProject\Projects\tactic-4.0.0.rc02\src\tactic\ui\tools\pipeline_canvas_wdg.py,"function(evt, bvr, mouse_411)",7,5,5,0,1,0,1,10,
C:\Dropbox\PythonProject\Projects\tactic-4.0.0.rc02\src\tactic\ui\tools\pipeline_canvas_wdg.py,"function(evt, bvr, mouse_411)",45,29,27,2,15,0,1,5,
C:\Dropbox\PythonProject\Projects\tactic-4.0.0.rc02\src\tactic\ui\tools\pipeline_canvas_wdg.py,"function(evt, bvr, mouse_411)",70,48,37,6,16,0,6,37,
C:\Dropbox\PythonProject\Projects\tactic-4.0.0.rc02\src\tactic\ui\tools\pipeline_canvas_wdg.py,function(),6,6,6,1,0,0,0,0,
C:\Dropbox\PythonProject\Projects\tactic-4.0.0.rc02\src\tactic\ui\tools\pipeline_canvas_wdg.py,function(connector),17,15,12,5,2,0,0,0,
C:\Dropbox\PythonProject\Projects\tactic-4.0.0.rc02\src\tactic\ui\tools\pipeline_canvas_wdg.py,"function(start, end)",4,4,4,0,0,0,0,0,
C:\Dropbox\PythonProject\Projects\tactic-4.0.0.rc02\src\tactic\ui\tools\pipeline_canvas_wdg.py,"function(start, end, offset)",6,6,8,0,0,0,0,0,
C:\Dropbox\PythonProject\Projects\tactic-4.0.0.rc02\src\tactic\ui\tools\pipeline_canvas_wdg.py,function(mode),3,3,3,0,0,0,0,0,
C:\Dropbox\PythonProject\Projects\tactic-4.0.0.rc02\src\tactic\ui\tools\pipeline_canvas_wdg.py,"function(start, end, color)",82,47,48,5,24,0,11,74,
C:\Dropbox\PythonProject\Projects\tactic-4.0.0.rc02\src\tactic\ui\tools\pipeline_canvas_wdg.py,"function(text, x, y)",6,5,5,0,1,0,0,0,
C:\Dropbox\PythonProject\Projects\tactic-4.0.0.rc02\src\tactic\ui\tools\pipeline_canvas_wdg.py,"function(start, end, color)",21,15,16,1,6,0,0,0,
C:\Dropbox\PythonProject\Projects\tactic-4.0.0.rc02\src\tactic\ui\tools\pipeline_canvas_wdg.py,"function(halfway, point0, size)",20,15,9,0,5,0,0,0,
C:\Dropbox\PythonProject\Projects\tactic-4.0.0.rc02\src\tactic\ui\tools\pipeline_canvas_wdg.py,"function(evt, bvr, mouse_411)",17,11,10,1,5,0,1,5,
C:\Dropbox\PythonProject\Projects\tactic-4.0.0.rc02\src\tactic\ui\tools\pipeline_canvas_wdg.py,"function(evt, bvr, mouse_411)",21,14,13,1,7,0,0,0,
C:\Dropbox\PythonProject\Projects\tactic-4.0.0.rc02\src\tactic\ui\tools\pipeline_canvas_wdg.py,"function(evt, bvr, mouse_411)",15,10,9,1,4,0,1,3,
C:\Dropbox\PythonProject\Projects\tactic-4.0.0.rc02\src\tactic\ui\tools\pipeline_canvas_wdg.py,"function(evt, bvr, mouse_411)",3,3,3,0,0,0,0,0,
C:\Dropbox\PythonProject\Projects\tactic-4.0.0.rc02\src\tactic\ui\tools\pipeline_canvas_wdg.py,"function(evt, bvr, mouse_411)",24,18,13,1,6,0,0,0,
C:\Dropbox\PythonProject\Projects\tactic-4.0.0.rc02\src\tactic\ui\tools\pipeline_canvas_wdg.py,"function(evt, bvr, mouse_411)",2,2,2,0,0,0,0,0,
C:\Dropbox\PythonProject\Projects\tactic-4.0.0.rc02\src\tactic\ui\tools\pipeline_canvas_wdg.py,function(scale),16,10,6,0,6,0,0,0,
C:\Dropbox\PythonProject\Projects\tactic-4.0.0.rc02\src\tactic\ui\tools\pipeline_canvas_wdg.py,function(),3,3,3,1,0,0,0,0,
C:\Dropbox\PythonProject\Projects\tactic-4.0.0.rc02\src\tactic\ui\tools\pipeline_canvas_wdg.py,function(node),12,7,8,0,4,0,1,3,
C:\Dropbox\PythonProject\Projects\tactic-4.0.0.rc02\src\tactic\ui\tools\pipeline_canvas_wdg.py,"function(width, height)",25,13,12,0,2,0,10,28,
C:\Dropbox\PythonProject\Projects\tactic-4.0.0.rc02\src\tactic\ui\tools\pipeline_canvas_wdg.py,function(group_name),58,50,38,8,7,0,1,6,
C:\Dropbox\PythonProject\Projects\tactic-4.0.0.rc02\src\tactic\ui\tools\pipeline_canvas_wdg.py,"function(evt, bvr, mouse_411)",4,3,3,0,1,0,0,0,
C:\Dropbox\PythonProject\Projects\tactic-4.0.0.rc02\src\tactic\ui\tools\pipeline_canvas_wdg.py,"function(evt, bvr, mouse_411)",32,27,24,1,5,0,0,0,
C:\Dropbox\PythonProject\Projects\tactic-4.0.0.rc02\src\tactic\ui\tools\pipeline_canvas_wdg.py,function(),17,13,12,1,3,0,1,2,
C:\Dropbox\PythonProject\Projects\tactic-4.0.0.rc02\src\tactic\ui\tools\pipeline_canvas_wdg.py,"function(from_node, to_node)",149,106,83,7,33,0,10,54,
C:\Dropbox\PythonProject\Projects\tactic-4.0.0.rc02\src\tactic\ui\tools\pipeline_canvas_wdg.py,function(name),124,96,68,20,24,0,4,26,
C:\Dropbox\PythonProject\Projects\tactic-4.0.0.rc02\src\tactic\ui\tools\pipeline_canvas_wdg.py,function(flag),3,3,3,0,0,0,0,0,
C:\Dropbox\PythonProject\Projects\tactic-4.0.0.rc02\src\tactic\ui\tools\pipeline_canvas_wdg.py,"function(xml, code, color)",12,9,9,0,2,0,1,3,
C:\Dropbox\PythonProject\Projects\tactic-4.0.0.rc02\src\tactic\ui\tools\pipeline_canvas_wdg.py,"function(pipeline_code, color)",55,41,34,6,10,0,4,18,
C:\Dropbox\PythonProject\Projects\tactic-4.0.0.rc02\src\tactic\ui\tools\pipeline_canvas_wdg.py,"function(schema_code, color)",50,36,30,5,9,0,5,31,
C:\Dropbox\PythonProject\Projects\tactic-4.0.0.rc02\src\tactic\ui\tools\pipeline_canvas_wdg.py,"function(group, xml_nodes)",71,49,37,9,13,0,9,52,
C:\Dropbox\PythonProject\Projects\tactic-4.0.0.rc02\src\tactic\ui\tools\pipeline_canvas_wdg.py,"function(group_name, xml_connects)",50,29,23,4,12,0,9,30,
C:\Dropbox\PythonProject\Projects\tactic-4.0.0.rc02\src\tactic\ui\tools\pipeline_canvas_wdg.py,function(group_name),170,134,105,28,33,0,3,21,
C:\Dropbox\PythonProject\Projects\tactic-4.0.0.rc02\src\tactic\ui\tools\pipeline_wdg.py,button.get_arrow_wdg(),1,1,1,0,0,0,0,0,
C:\Dropbox\PythonProject\Projects\tactic-4.0.0.rc02\src\tactic\ui\tools\pipeline_wdg.py,"HiddenWdg(""prefix"", ""rule"") )         type_select = SelectWdg(""type"")         type_select.set_option(""values"", ""attribute"")         type_select.set_option(""labels"", ""Attribute"")         template_item_div.add(type_select)         template_item_div.add(TextWdg(""name"") )         template_item_div.add("" is "" )         template_item_div.add(TextWdg(""value"")",1,1,1,0,0,0,0,0,
C:\Dropbox\PythonProject\Projects\tactic-4.0.0.rc02\src\tactic\ui\tools\pipeline_wdg.py,function(),36,29,23,4,7,0,0,0,
C:\Dropbox\PythonProject\Projects\tactic-4.0.0.rc02\src\tactic\ui\tools\pipeline_wdg.py,function(node),58,44,38,4,12,0,2,8,
C:\Dropbox\PythonProject\Projects\tactic-4.0.0.rc02\src\tactic\ui\tools\schema_wdg.py,canvas )          table.add_row()         td = table.add_cell()         td.add(my.get_tab_wdg(),1,1,1,0,0,0,0,0,
C:\Dropbox\PythonProject\Projects\tactic-4.0.0.rc02\src\tactic\ui\tools\schema_wdg.py,"spacing_div.get_color(""border"")",3,2,2,0,1,0,0,0,
C:\Dropbox\PythonProject\Projects\tactic-4.0.0.rc02\src\tactic\ui\tools\schema_wdg.py,function(),32,23,18,4,7,0,2,9,
C:\Dropbox\PythonProject\Projects\tactic-4.0.0.rc02\src\tactic\ui\tools\schema_wdg.py,Pipeline(s),28,20,14,1,6,0,2,5,
C:\Dropbox\PythonProject\Projects\tactic-4.0.0.rc02\src\tactic\ui\tools\sobject_wdg.py,'\n'.join(options_list),1,1,1,0,0,0,0,0,
C:\Dropbox\PythonProject\Projects\tactic-4.0.0.rc02\src\tactic\ui\tools\trigger_wdg.py,"right.get_color(""border"")",6,6,1,0,0,0,0,0,
C:\Dropbox\PythonProject\Projects\tactic-4.0.0.rc02\src\tactic\ui\widget\button_new_wdg.py,%(height+3),10,10,5,0,0,0,0,0,
C:\Dropbox\PythonProject\Projects\tactic-4.0.0.rc02\src\tactic\ui\widget\button_new_wdg.py,my.get_theme(),4,4,1,0,0,0,0,0,
C:\Dropbox\PythonProject\Projects\tactic-4.0.0.rc02\src\tactic\ui\widget\calendar_wdg.py,spt.hide(el),5,5,2,0,0,0,0,0,
C:\Dropbox\PythonProject\Projects\tactic-4.0.0.rc02\src\tactic\ui\widget\calendar_wdg.py,"left')         top.add(title_div)         if date:             title_div.add(date.strftime(""%a - %b %d, %Y"")",17,13,10,0,2,0,2,10,
C:\Dropbox\PythonProject\Projects\tactic-4.0.0.rc02\src\tactic\ui\widget\checkin_wdg.py,my._get_sandbox_dir(),3,3,1,0,0,0,0,0,
C:\Dropbox\PythonProject\Projects\tactic-4.0.0.rc02\src\tactic\ui\widget\checkin_wdg.py,function(top),5,5,4,1,0,0,0,0,
C:\Dropbox\PythonProject\Projects\tactic-4.0.0.rc02\src\tactic\ui\widget\checkin_wdg.py,"function(search_key, process, options)",12,10,11,1,2,0,0,0,
C:\Dropbox\PythonProject\Projects\tactic-4.0.0.rc02\src\tactic\ui\widget\checkin_wdg.py,function(),2,2,2,0,0,0,0,0,
C:\Dropbox\PythonProject\Projects\tactic-4.0.0.rc02\src\tactic\ui\widget\checkin_wdg.py,function(dirname),12,8,9,0,4,0,0,0,
C:\Dropbox\PythonProject\Projects\tactic-4.0.0.rc02\src\tactic\ui\widget\checkin_wdg.py,"function(current_dir, is_sandbox, refresh, select_dir)",56,41,33,8,12,0,3,26,
C:\Dropbox\PythonProject\Projects\tactic-4.0.0.rc02\src\tactic\ui\widget\checkin_wdg.py,function(),17,13,11,3,4,0,0,0,
C:\Dropbox\PythonProject\Projects\tactic-4.0.0.rc02\src\tactic\ui\widget\checkin_wdg.py,function(cls),19,15,12,4,4,0,0,0,
C:\Dropbox\PythonProject\Projects\tactic-4.0.0.rc02\src\tactic\ui\widget\checkin_wdg.py,function(),2,2,2,1,0,0,0,0,
C:\Dropbox\PythonProject\Projects\tactic-4.0.0.rc02\src\tactic\ui\widget\checkin_wdg.py,function(),59,41,37,6,16,0,2,8,
C:\Dropbox\PythonProject\Projects\tactic-4.0.0.rc02\src\tactic\ui\widget\checkin_wdg.py,"function(file_path, transfer_mode, options)",49,42,35,3,3,0,4,35,
C:\Dropbox\PythonProject\Projects\tactic-4.0.0.rc02\src\tactic\ui\widget\checkin_wdg.py,"function(file_paths, transfer_mode, options)",5,5,4,1,0,0,0,0,
C:\Dropbox\PythonProject\Projects\tactic-4.0.0.rc02\src\tactic\ui\widget\checkin_wdg.py,"function(transfer_mode, options)",4,4,4,1,0,0,0,0,
C:\Dropbox\PythonProject\Projects\tactic-4.0.0.rc02\src\tactic\ui\widget\checkin_wdg.py,"function(search_key, file_path, process, options)",116,77,62,12,22,0,17,98,
C:\Dropbox\PythonProject\Projects\tactic-4.0.0.rc02\src\tactic\ui\widget\checkin_wdg.py,button.get_arrow_wdg(),1,1,1,0,0,0,0,0,
C:\Dropbox\PythonProject\Projects\tactic-4.0.0.rc02\src\tactic\ui\widget\checkin_wdg.py,button.get_arrow_wdg(),1,1,1,0,0,0,0,0,
C:\Dropbox\PythonProject\Projects\tactic-4.0.0.rc02\src\tactic\ui\widget\checkin_wdg.py,button.get_button_wdg(),1,1,1,0,0,0,0,0,
C:\Dropbox\PythonProject\Projects\tactic-4.0.0.rc02\src\tactic\ui\widget\checkin_wdg.py,button.get_button_wdg(),1,1,1,0,0,0,0,0,
C:\Dropbox\PythonProject\Projects\tactic-4.0.0.rc02\src\tactic\ui\widget\checkin_wdg.py,button.get_button_wdg(),1,1,1,0,0,0,0,0,
C:\Dropbox\PythonProject\Projects\tactic-4.0.0.rc02\src\tactic\ui\widget\checkin_wdg.py,button.get_button_wdg(),1,1,1,0,0,0,0,0,
C:\Dropbox\PythonProject\Projects\tactic-4.0.0.rc02\src\tactic\ui\widget\checkin_wdg.py,button.get_button_wdg(),1,1,1,0,0,0,0,0,
C:\Dropbox\PythonProject\Projects\tactic-4.0.0.rc02\src\tactic\ui\widget\checkin_wdg.py,button.get_button_wdg(),1,1,1,0,0,0,0,0,
C:\Dropbox\PythonProject\Projects\tactic-4.0.0.rc02\src\tactic\ui\widget\data_export_wdg.py,"option.')          widget.add(hint)          label = string.capwords(my.mode.replace('_', ' ')",10,9,1,0,1,0,0,0,
C:\Dropbox\PythonProject\Projects\tactic-4.0.0.rc02\src\tactic\ui\widget\data_export_wdg.py,os.path.basename(my.file_path),2,2,1,0,0,0,0,0,
C:\Dropbox\PythonProject\Projects\tactic-4.0.0.rc02\src\tactic\ui\widget\discussion_wdg.py,function(value),11,10,9,0,1,0,0,0,
C:\Dropbox\PythonProject\Projects\tactic-4.0.0.rc02\src\tactic\ui\widget\discussion_wdg.py,function(),12,10,8,0,2,0,0,0,
C:\Dropbox\PythonProject\Projects\tactic-4.0.0.rc02\src\tactic\ui\widget\discussion_wdg.py,function(),1,1,1,0,0,0,0,0,
C:\Dropbox\PythonProject\Projects\tactic-4.0.0.rc02\src\tactic\ui\widget\discussion_wdg.py,function(button),20,14,12,1,4,0,2,4,
C:\Dropbox\PythonProject\Projects\tactic-4.0.0.rc02\src\tactic\ui\widget\discussion_wdg.py,function(src_el),14,12,10,3,1,0,1,6,
C:\Dropbox\PythonProject\Projects\tactic-4.0.0.rc02\src\tactic\ui\widget\discussion_wdg.py,"jsondumps(kwargs).replace('""',""'"")",1,1,1,0,0,0,0,0,
C:\Dropbox\PythonProject\Projects\tactic-4.0.0.rc02\src\tactic\ui\widget\progress_wdg.py,"function(path, options)",6,6,6,1,0,0,0,0,
C:\Dropbox\PythonProject\Projects\tactic-4.0.0.rc02\src\tactic\ui\widget\progress_wdg.py,function(job),2,2,2,0,0,0,0,0,
C:\Dropbox\PythonProject\Projects\tactic-4.0.0.rc02\src\tactic\ui\widget\progress_wdg.py,"function(job, index)",7,6,6,0,1,0,0,0,
C:\Dropbox\PythonProject\Projects\tactic-4.0.0.rc02\src\tactic\ui\widget\progress_wdg.py,function(),2,2,2,1,0,0,0,0,
C:\Dropbox\PythonProject\Projects\tactic-4.0.0.rc02\src\tactic\ui\widget\progress_wdg.py,function(options),44,28,23,4,14,0,2,7,
C:\Dropbox\PythonProject\Projects\tactic-4.0.0.rc02\src\tactic\ui\widget\progress_wdg.py,function(total),8,7,6,1,0,0,1,4,
C:\Dropbox\PythonProject\Projects\tactic-4.0.0.rc02\src\tactic\ui\widget\progress_wdg.py,function(total),5,5,5,0,0,0,0,0,
C:\Dropbox\PythonProject\Projects\tactic-4.0.0.rc02\src\tactic\ui\widget\progress_wdg.py,function(),7,7,5,3,0,0,0,0,
C:\Dropbox\PythonProject\Projects\tactic-4.0.0.rc02\src\tactic\ui\widget\progress_wdg.py,function(path),2,2,2,0,0,0,0,0,
C:\Dropbox\PythonProject\Projects\tactic-4.0.0.rc02\src\tactic\ui\widget\progress_wdg.py,function(total),2,2,2,0,0,0,0,0,
C:\Dropbox\PythonProject\Projects\tactic-4.0.0.rc02\src\tactic\ui\widget\progress_wdg.py,function(complete),7,7,5,1,0,0,0,0,
C:\Dropbox\PythonProject\Projects\tactic-4.0.0.rc02\src\tactic\ui\widget\progress_wdg.py,function(),2,2,2,0,0,0,0,0,
C:\Dropbox\PythonProject\Projects\tactic-4.0.0.rc02\src\tactic\ui\widget\progress_wdg.py,function(progress_id),2,2,2,0,0,0,0,0,
C:\Dropbox\PythonProject\Projects\tactic-4.0.0.rc02\src\tactic\ui\widget\progress_wdg.py,function(),3,3,3,1,0,0,0,0,
C:\Dropbox\PythonProject\Projects\tactic-4.0.0.rc02\src\tactic\ui\widget\progress_wdg.py,function(),2,2,2,1,0,0,0,0,
C:\Dropbox\PythonProject\Projects\tactic-4.0.0.rc02\src\tactic\ui\widget\progress_wdg.py,function(),2,2,2,1,0,0,0,0,
C:\Dropbox\PythonProject\Projects\tactic-4.0.0.rc02\src\tactic\ui\widget\progress_wdg.py,function(),2,2,2,1,0,0,0,0,
C:\Dropbox\PythonProject\Projects\tactic-4.0.0.rc02\src\tactic\ui\widget\progress_wdg.py,function(),2,2,2,1,0,0,0,0,
C:\Dropbox\PythonProject\Projects\tactic-4.0.0.rc02\src\tactic\ui\widget\progress_wdg.py,function(complete),16,13,11,2,3,0,0,0,
C:\Dropbox\PythonProject\Projects\tactic-4.0.0.rc02\src\tactic\ui\widget\progress_wdg.py,function(),127,84,64,13,26,0,17,56,
C:\Dropbox\PythonProject\Projects\tactic-4.0.0.rc02\src\tactic\ui\widget\progress_wdg.py,function(options),29,19,16,3,9,0,1,3,
C:\Dropbox\PythonProject\Projects\tactic-4.0.0.rc02\src\tactic\ui\widget\progress_wdg.py,function(),103,66,50,9,27,0,10,47,
C:\Dropbox\PythonProject\Projects\tactic-4.0.0.rc02\src\tactic\ui\widget\smart_select_wdg.py,"function( select_el, element_to_find )",87,73,61,13,10,0,4,19,
C:\Dropbox\PythonProject\Projects\tactic-4.0.0.rc02\src\tactic\ui\widget\smart_select_wdg.py,function( select_el ),17,15,10,3,2,0,0,0,
C:\Dropbox\PythonProject\Projects\tactic-4.0.0.rc02\src\tactic\ui\widget\unity_wdg.py,unityLoaded(result),11,9,7,1,1,0,1,12,
C:\Dropbox\PythonProject\Projects\tactic-4.0.0.rc02\src\tactic\ui\widget\upload_wdg.py,function(drop_area),30,24,23,1,6,0,0,0,
C:\Dropbox\PythonProject\Projects\tactic-4.0.0.rc02\src\tactic\ui\widget\upload_wdg.py,"function(drop_area, files)",14,12,9,2,0,0,2,2,
C:\Dropbox\PythonProject\Projects\tactic-4.0.0.rc02\src\tactic\ui\widget\upload_wdg.py,function(file),43,32,29,1,4,0,7,32,
C:\Dropbox\PythonProject\Projects\tactic-4.0.0.rc02\src\tactic_sites\default\modules\index_wdg.py,%(icon_size-10),4,4,1,0,0,0,0,0,
